oldGroups,Phylum,Class,Order,Family,Genus
/ et al.,Proteobacteria,Proteobacteria,Proteobacteria,Gammaproteobacteria,Enterobacteriaceae
Acidaminococcus intestinalis/i et al.,Bacteria,Firmicutes,Firmicutes.1,Acidaminococcaceae,Acidaminococcaceae
Actinomyces europaeus,Bacteria,Actinobacteria,Actinobacteria,Actinobacteria,Actinomycetales.1
Actinomyces neuii,Bacteria,Actinobacteria,Actinobacteria,Actinobacteria,Actinomycetales.1
Actinomyces odontolyticus,Bacteria,Actinobacteria,Actinobacteria,Actinobacteria,Actinomycetales.1
Actinomyces turicensis,Bacteria,Actinobacteria,Actinobacteria,Actinobacteria,Actinomycetales.1
Actinomycetales,Bacteria,Actinobacteria,Actinobacteria,Actinobacteria,Actinomycetales
Adlercreutzia celatus/equolifaciens,Bacteria,Coriobacteriaceae,Coriobacteriaceae,Coriobacteriaceae,Coriobacteriaceae.1
Aerococcus christensenii,Bacteria,Firmicutes,Bacilli,Bacilli,Bacilli
Aggregatibacter segnis,Proteobacteria,Proteobacteria,Proteobacteria,Gammaproteobacteria,Pasteurellaceae
Alistipes,Bacteroidetes,Bacteroidales,Bacteroidales.1,Bacteroidales,Alistipes
Alistipes finegoldii,Bacteroidetes,Bacteroidales,Bacteroidales.1,Bacteroidales,Bacteroidales
Alistipes finegoldii/onderdonkii,Bacteroidetes,Bacteroidales,Bacteroidales.1,Bacteroidales,Bacteroidales
Alistipes indistinctus,Bacteroidetes,Bacteroidales,Bacteroidales.1,Bacteroidales,Alistipes
Alistipes inops,Bacteroidetes,Bacteroidales,Bacteroidales.1,Bacteroidales,Bacteroidales
Alistipes marseilloanorexicus,Bacteroidetes,Bacteroidales,Bacteroidales.1,Bacteroidales,Alistipes
Alistipes massiliensis,Bacteroidetes,Bacteroidales,Bacteroidales.1,Bacteroidales,Bacteroidales
Alistipes obesi,Bacteroidetes,Bacteroidales,Bacteroidales.1,Bacteroidales,Bacteroidales
Alistipes putredinis,Bacteroidetes,Bacteroidales,Bacteroidales.1,Bacteroidales,Bacteroidales
Alistipes shahii,Bacteroidetes,Bacteroidales,Bacteroidales.1,Bacteroidales,Bacteroidales
Allisonella histaminiformans,Bacteria,Firmicutes,Firmicutes.1,Veillonellaceae,Veillonellaceae
Alloscardovia omnicolens,Bacteria,Actinobacteria,Actinobacteria,Actinobacteria,Bifidobacteriaceae
Alphaproteobacteria,Alphaproteobacteria,Alphaproteobacteria,Alphaproteobacteria,Alphaproteobacteria,Alphaproteobacteria
Anaerococcus,Bacteria,Firmicutes,Firmicutes,Anaerococcus,Anaerococcus
Anaerococcus lactolyticus,Bacteria,Firmicutes,Firmicutes,Anaerococcus,Anaerococcus
Anaerococcus murdochii,Bacteria,Firmicutes,Firmicutes,Anaerococcus,Anaerococcus
Anaerococcus octavius,Bacteria,Firmicutes,Firmicutes,Anaerococcus,Anaerococcus
Anaerococcus prevotii/tetradius,Bacteria,Firmicutes,Firmicutes,Anaerococcus,Anaerococcus
Anaerococcus provenciensis,Bacteria,Firmicutes,Firmicutes,Anaerococcus,Anaerococcus
Anaerococcus senegalensis,Bacteria,Firmicutes,Firmicutes,Anaerococcus,Anaerococcus
Anaerococcus vaginalis,Bacteria,Firmicutes,Firmicutes,Anaerococcus,Anaerococcus
Anaerococcus.1,Bacteria,Firmicutes,Firmicutes,Anaerococcus,Anaerococcus
Anaerococcus.2,Bacteria,Firmicutes,Firmicutes,Anaerococcus,Anaerococcus
Anaerococcus.3,Bacteria,Firmicutes,Firmicutes,Anaerococcus,Anaerococcus
Anaerococcus.4,Bacteria,Firmicutes,Firmicutes,Anaerococcus,Anaerococcus
Anaerostipes,Bacteria,Firmicutes,Clostridia,Clostridiales.1,Clostridiales.10
Anaerostipes hadrus,Bacteria,Firmicutes,Clostridia,Clostridiales.1,Clostridiales.10
Anaerotruncus colihominis,Bacteria,Firmicutes,Clostridia,Clostridiales.1,Ruminococcaceae.2
Arcanobacterium,Bacteria,Actinobacteria,Actinobacteria,Actinobacteria,Actinomycetales.1
Arthrobacter albus/cumminsii,Bacteria,Actinobacteria,Actinobacteria,Actinobacteria,Actinomycetales.1
Atopobium deltae,Bacteria,Coriobacteriaceae,Coriobacteriaceae,Coriobacteriaceae,Coriobacteriaceae.2
Atopobium fossor/minutum,Bacteria,Coriobacteriaceae,Coriobacteriaceae,Coriobacteriaceae,Coriobacteriaceae.2
Atopobium vaginae,Bacteria,Coriobacteriaceae,Coriobacteriaceae,Coriobacteriaceae,Coriobacteriaceae.2
Bacteroides,Bacteroidetes,Bacteroidetes,Bacteroidales,Bacteroides,Bacteroides
Bacteroides caccae,Bacteroidetes,Bacteroidetes,Bacteroidales,Bacteroides,Bacteroides
Bacteroides cellulosilyticus/t et al.,Bacteroidetes,Bacteroidetes,Bacteroidales,Bacteroides,Bacteroides
Bacteroides clarus,Bacteroidetes,Bacteroidetes,Bacteroidales,Bacteroides,Bacteroides
Bacteroides coprocola,Bacteroidetes,Bacteroidetes,Bacteroidales,Bacteroides,Bacteroides
Bacteroides dorei,Bacteroidetes,Bacteroidetes,Bacteroidales,Bacteroides,Bacteroides
Bacteroides dorei/fragilis,Bacteroidetes,Bacteroidetes,Bacteroidales,Bacteroides,Bacteroides
Bacteroides dorei/stercoris,Bacteroidetes,Bacteroidetes,Bacteroidales,Bacteroides,Bacteroides
Bacteroides dorei/vulgatus,Bacteroidetes,Bacteroidetes,Bacteroidales,Bacteroides,Bacteroides
Bacteroides eggerthii,Bacteroidetes,Bacteroidetes,Bacteroidales,Bacteroides,Bacteroides
Bacteroides faecichinchillae/f et al.,Bacteroidetes,Bacteroidetes,Bacteroidales,Bacteroides,Bacteroides
Bacteroides finegoldii,Bacteroidetes,Bacteroidetes,Bacteroidales,Bacteroides,Bacteroides
Bacteroides massiliensis,Bacteroidetes,Bacteroidetes,Bacteroidales,Bacteroides,Bacteroides
Bacteroides ovatus,Bacteroidetes,Bacteroidetes,Bacteroidales,Bacteroides,Bacteroides
Bacteroides ovatus.1,Bacteroidetes,Bacteroidetes,Bacteroidales,Bacteroides,Bacteroides
Bacteroides ovatus.2,Bacteroidetes,Bacteroidetes,Bacteroidales,Bacteroides,Bacteroides
Bacteroides ovatus/xylanisolvens,Bacteroidetes,Bacteroidetes,Bacteroidales,Bacteroides,Bacteroides
Bacteroides plebeius,Bacteroidetes,Bacteroidetes,Bacteroidales,Bacteroides,Bacteroides plebeius
Bacteroides plebeius.1,Bacteroidetes,Bacteroidetes,Bacteroidales,Bacteroides,Bacteroides plebeius
Bacteroides salyersiae,Bacteroidetes,Bacteroidetes,Bacteroidales,Bacteroides,Bacteroides
Bacteroides uniformis,Bacteroidetes,Bacteroidetes,Bacteroidales,Bacteroides,Bacteroides
Bacteroides uniformis.1,Bacteroidetes,Bacteroidetes,Bacteroidales,Bacteroides,Bacteroides
Bacteroides vulgatus,Bacteroidetes,Bacteroidetes,Bacteroidales,Bacteroides,Bacteroides
Bacteroides vulgatus.1,Bacteroidetes,Bacteroidetes,Bacteroidales,Bacteroides,Bacteroides
Bacteroides.1,Bacteroidetes,Bacteroidetes,Bacteroidales,Bacteroides,Bacteroides
Bacteroides.2,Bacteroidetes,Bacteroidetes,Bacteroidales,Bacteroides,Bacteroides
Bacteroides.3,Bacteroidetes,Bacteroidetes,Bacteroidales,Bacteroides,Bacteroides
Bacteroidetes,Bacteroidetes,Bacteroidetes,Bacteroidetes,Bacteroidetes,Bacteroidetes
Bacteroidetes.1,Bacteroidetes,Bacteroidetes.1,Bacteroidetes.1,Bacteroidetes.1,Bacteroidetes.1
Barnesiella,Bacteroidetes,Bacteroidales,Bacteroidales.1,Porphyromonadaceae.4,Porphyromonadaceae.3
Barnesiella.1,Bacteroidetes,Bacteroidales,Bacteroidales.1,Porphyromonadaceae.4,Porphyromonadaceae.3
Barnesiella.2,Bacteroidetes,Bacteroidales,Bacteroidales.1,Porphyromonadaceae.4,Porphyromonadaceae.3
Barnesiella.3,Bacteroidetes,Bacteroidales,Bacteroidales.1,Porphyromonadaceae.4,Porphyromonadaceae.3
Barnesiella.4,Bacteroidetes,Bacteroidales,Bacteroidales.1,Porphyromonadaceae.4,Porphyromonadaceae.3
Betaproteobacteria,Proteobacteria,Proteobacteria,Proteobacteria,Betaproteobacteria,Betaproteobacteria
Bifidobacterium adolescentis/f et al.,Bacteria,Actinobacteria,Actinobacteria,Actinobacteria,Bifidobacteriaceae
Bifidobacterium bifidum,Bacteria,Actinobacteria,Actinobacteria,Actinobacteria,Bifidobacteriaceae
Bifidobacterium breve/kashiwan et al.,Bacteria,Actinobacteria,Actinobacteria,Actinobacteria,Bifidobacteriaceae
Bifidobacterium catenulatum/ga et al.,Bacteria,Actinobacteria,Actinobacteria,Actinobacteria,Bifidobacteriaceae
Bilophila,Proteobacteria,Proteobacteria,Proteobacteria,Desulfovibrionales,Desulfovibrionales
Bilophila wadsworthia,Proteobacteria,Proteobacteria,Proteobacteria,Desulfovibrionales,Desulfovibrionales
Bilophila.1,Proteobacteria,Proteobacteria,Proteobacteria,Desulfovibrionales,Desulfovibrionales
Blautia,Bacteria,Firmicutes,Clostridia,Clostridiales.1,Clostridiales.10
Blautia faecis,Bacteria,Firmicutes,Clostridia,Clostridiales.1,Clostridiales.10
Blautia hansenii/producta,Bacteria,Firmicutes,Clostridia,Clostridiales.1,Clostridiales.10
Blautia obeum,Bacteria,Firmicutes,Clostridia,Clostridiales.1,Clostridiales.10
Blautia obeum.1,Bacteria,Firmicutes,Clostridia,Clostridiales.1,Clostridiales.10
Blautia obeum/wexlerae,Bacteria,Firmicutes,Clostridia,Clostridiales.1,Clostridiales.10
Blautia.1,Bacteria,Firmicutes,Clostridia,Clostridiales.1,Clostridiales.10
Blautia.2,Bacteria,Firmicutes,Clostridia,Clostridiales.1,Clostridiales.10
Blautia.3,Bacteria,Firmicutes,Clostridia,Clostridiales.1,Clostridiales.10
Blautia.4,Bacteria,Firmicutes,Clostridia,Clostridiales.1,Clostridiales.10
Blautia.5,Bacteria,Firmicutes,Clostridia,Clostridiales.1,Clostridiales.10
Blautia.6,Bacteria,Firmicutes,Clostridia,Clostridiales.1,Clostridiales.10
Blautia.7,Bacteria,Firmicutes,Clostridia,Clostridiales.1,Clostridiales.10
Blautia.8,Bacteria,Firmicutes,Clostridia,Clostridiales.1,Clostridiales.10
Butyricicoccus,Bacteria,Firmicutes,Clostridia,Clostridiales.1,Ruminococcaceae
Butyricicoccus.1,Bacteria,Firmicutes,Clostridia,Clostridiales.1,Ruminococcaceae
Butyricimonas,Bacteroidetes,Porphyromonadaceae,Porphyromonadaceae,Porphyromonadaceae.3,Butyricimonas
Butyricimonas faecihominis,Bacteroidetes,Porphyromonadaceae,Porphyromonadaceae,Porphyromonadaceae.3,Butyricimonas
Butyricimonas paravirosa,Bacteroidetes,Porphyromonadaceae,Porphyromonadaceae,Porphyromonadaceae.3,Butyricimonas
Butyricimonas.1,Bacteroidetes,Porphyromonadaceae,Porphyromonadaceae,Porphyromonadaceae.3,Butyricimonas
Butyricimonas.2,Bacteroidetes,Porphyromonadaceae,Porphyromonadaceae,Porphyromonadaceae.3,Butyricimonas
Butyricimonas.3,Bacteroidetes,Porphyromonadaceae,Porphyromonadaceae,Porphyromonadaceae.3,Butyricimonas
Campylobacter,Campylobacter,Campylobacter,Campylobacter,Campylobacter,Campylobacter
Campylobacter hominis,Campylobacter,Campylobacter,Campylobacter,Campylobacter,Campylobacter
Campylobacter ureolyticus,Campylobacter,Campylobacter,Campylobacter,Campylobacter,Campylobacter
Clostridia,Bacteria,Firmicutes,Clostridia,Clostridia,Clostridia
Clostridia.1,Bacteria,Firmicutes,Firmicutes,Clostridia.1,Clostridia.1
Clostridiales,Bacteria,Firmicutes,Clostridia,Clostridiales.1,Clostridiales
Clostridiales_Incertae_Sedis_XI,Bacteria,Firmicutes,Firmicutes,Clostridia.1,Clostridiales_Incertae_Sedis_XI
Clostridiales_Incertae_Sedis_XIII,Bacteria,Firmicutes,Firmicutes,Firmicutes,Clostridiales.2
Clostridiales.1,Bacteria,Firmicutes,Clostridia,Clostridiales.1,Clostridiales.10
Clostridiales.10,Bacteria,Firmicutes,Firmicutes,Firmicutes,Clostridiales.2
Clostridiales.11,Bacteria,Firmicutes,Firmicutes,Firmicutes,Clostridiales.2
Clostridiales.12,Bacteria,Firmicutes,Firmicutes,Firmicutes,Clostridiales.2
Clostridiales.13,Bacteria,Firmicutes,Firmicutes,Firmicutes,Clostridiales.2
Clostridiales.14,Bacteria,Firmicutes,Firmicutes,Firmicutes,Clostridiales.2
Clostridiales.15,Bacteria,Firmicutes,Firmicutes,Firmicutes,Clostridiales.2
Clostridiales.16,Bacteria,Firmicutes,Firmicutes,Clostridia.1,Clostridiales.3
Clostridiales.17,Bacteria,Firmicutes,Firmicutes,Clostridia.1,Clostridiales.3
Clostridiales.18,Bacteria,Firmicutes,Firmicutes,Clostridiales,Clostridiales.4
Clostridiales.19,Bacteria,Firmicutes,Firmicutes,Firmicutes.1,Firmicutes.1
Clostridiales.2,Bacteria,Firmicutes,Clostridia,Clostridiales.1,Clostridiales.10
Clostridiales.20,Bacteria,Firmicutes,Clostridia,Clostridiales.1,Clostridiales.5
Clostridiales.21,Bacteria,Firmicutes,Clostridia,Clostridiales.1,Clostridiales.5
Clostridiales.22,Bacteria,Firmicutes,Clostridia,Clostridiales.1,Clostridiales.5
Clostridiales.23,Bacteria,Firmicutes,Clostridia,Clostridiales.1,Clostridiales.5
Clostridiales.24,Bacteria,Firmicutes,Clostridia,Clostridiales.1,Clostridiales.6
Clostridiales.25,Bacteria,Firmicutes,Clostridia,Clostridiales.1,Clostridiales.7
Clostridiales.26,Bacteria,Firmicutes,Clostridia,Clostridiales.1,Clostridiales.7
Clostridiales.27,Bacteria,Firmicutes,Clostridia,Clostridiales.1,Clostridiales.8
Clostridiales.28,Bacteria,Firmicutes,Clostridia,Clostridiales.1,Clostridiales.9
Clostridiales.3,Bacteria,Firmicutes,Clostridia,Clostridia,Clostridia
Clostridiales.4,Bacteria,Firmicutes,Clostridia,Clostridia,Clostridia
Clostridiales.5,Bacteria,Firmicutes,Clostridia,Clostridia,Clostridia
Clostridiales.6,Bacteria,Firmicutes,Clostridia,Clostridia,Clostridiales.1
Clostridiales.7,Bacteria,Firmicutes,Firmicutes,Firmicutes,Clostridiales.2
Clostridiales.8,Bacteria,Firmicutes,Firmicutes,Firmicutes,Clostridiales.2
Clostridiales.9,Bacteria,Firmicutes,Firmicutes,Firmicutes,Clostridiales.2
Clostridium glycyrrhizinilyticum,Bacteria,Firmicutes,Clostridia,Clostridiales.1,Clostridiales.10
Clostridium_IV,Bacteria,Firmicutes,Clostridia,Clostridiales.1,Ruminococcaceae.2
Clostridium_IV leptum,Bacteria,Firmicutes,Clostridia,Clostridiales.1,Ruminococcaceae.5
Clostridium_IV.1,Bacteria,Firmicutes,Clostridia,Clostridiales.1,Ruminococcaceae.2
Clostridium_IV.2,Bacteria,Firmicutes,Clostridia,Clostridiales.1,Ruminococcaceae.5
Clostridium_IV.3,Bacteria,Firmicutes,Clostridia,Clostridiales.1,Ruminococcaceae.5
Clostridium_IV.4,Bacteria,Firmicutes,Clostridia,Clostridiales.1,Ruminococcaceae.5
Clostridium_IV.5,Bacteria,Firmicutes,Clostridia,Clostridiales.1,Ruminococcaceae.5
Clostridium_sensu_stricto,Bacteria,Firmicutes,Clostridia,Clostridia,Clostridium_sensu_stricto
Clostridium_sensu_stricto cela et al.,Bacteria,Firmicutes,Clostridia,Clostridia,Clostridium_sensu_stricto
Clostridium_sensu_stricto.1,Bacteria,Firmicutes,Clostridia,Clostridia,Clostridium_sensu_stricto
Clostridium_XlVa,Bacteria,Firmicutes,Clostridia,Clostridiales.1,Clostridiales.10
Clostridium_XlVa aldenense,Bacteria,Firmicutes,Clostridia,Clostridiales.1,Clostridiales.10
Clostridium_XlVa asparagiforme et al.,Bacteria,Firmicutes,Clostridia,Clostridiales.1,Clostridiales.10
Clostridium_XlVa bolteae/clost et al.,Bacteria,Firmicutes,Clostridia,Clostridiales.1,Clostridiales.10
Clostridium_XlVa scindens,Bacteria,Firmicutes,Clostridia,Clostridiales.1,Clostridiales.10
Clostridium_XlVa symbiosum,Bacteria,Firmicutes,Clostridia,Clostridiales.1,Clostridiales.10
Clostridium_XlVa.1,Bacteria,Firmicutes,Clostridia,Clostridiales.1,Clostridiales.10
Clostridium_XlVa.2,Bacteria,Firmicutes,Clostridia,Clostridiales.1,Clostridiales.10
Clostridium_XlVa.3,Bacteria,Firmicutes,Clostridia,Clostridiales.1,Clostridiales.10
Clostridium_XlVa.4,Bacteria,Firmicutes,Clostridia,Clostridiales.1,Clostridiales.10
Clostridium_XlVa.5,Bacteria,Firmicutes,Clostridia,Clostridiales.1,Clostridiales.10
Clostridium_XlVa.6,Bacteria,Firmicutes,Clostridia,Clostridiales.1,Clostridiales.10
Clostridium_XlVb,Bacteria,Firmicutes,Clostridia,Clostridiales.1,Lachnospiraceae
Clostridium_XlVb lactatifermentans,Bacteria,Firmicutes,Clostridia,Clostridiales.1,Clostridiales.10
Clostridium_XlVb.1,Bacteria,Firmicutes,Clostridia,Clostridiales.1,Clostridiales.10
Clostridium_XlVb.2,Bacteria,Firmicutes,Clostridia,Clostridiales.1,Clostridiales.10
Clostridium_XlVb.3,Bacteria,Firmicutes,Clostridia,Clostridiales.1,Clostridiales.10
Clostridium_XVIII ramosum,Bacteria,Erysipelotrichaceae,Erysipelotrichaceae,Erysipelotrichaceae,Erysipelotrichaceae
Collinsella aerofaciens,Bacteria,Coriobacteriaceae,Coriobacteriaceae,Coriobacteriaceae,Collinsella aerofaciens
Coprobacillus cateniformis,Bacteria,Erysipelotrichaceae,Erysipelotrichaceae,Erysipelotrichaceae,Erysipelotrichaceae
Coprobacter,Bacteroidetes,Bacteroidales,Bacteroidales.1,Porphyromonadaceae.4,Coprobacter
Coprobacter fastidiosus,Bacteroidetes,Bacteroidales,Bacteroidales.1,Porphyromonadaceae.4,Coprobacter
Coprococcus,Bacteria,Firmicutes,Clostridia,Clostridiales.1,Lachnospiraceae
Coprococcus catus,Bacteria,Firmicutes,Clostridia,Clostridiales.1,Clostridiales.10
Coprococcus comes,Bacteria,Firmicutes,Clostridia,Clostridiales.1,Clostridiales.10
Coriobacteriaceae,Bacteria,Coriobacteriaceae,Coriobacteriaceae,Coriobacteriaceae,Coriobacteriaceae
Coriobacteriaceae.1,Bacteria,Coriobacteriaceae,Coriobacteriaceae,Coriobacteriaceae,Coriobacteriaceae
Coriobacteriaceae.2,Bacteria,Coriobacteriaceae,Coriobacteriaceae,Coriobacteriaceae,Coriobacteriaceae.1
Coriobacteriaceae.3,Bacteria,Coriobacteriaceae,Coriobacteriaceae,Coriobacteriaceae,Coriobacteriaceae.1
Coriobacteriaceae.4,Bacteria,Coriobacteriaceae,Coriobacteriaceae,Coriobacteriaceae,Coriobacteriaceae.2
Coriobacteriaceae.5,Bacteria,Coriobacteriaceae,Coriobacteriaceae,Coriobacteriaceae,Coriobacteriaceae.2
Corynebacterium amycolatum/lactis,Bacteria,Actinobacteria,Actinobacteria,Actinobacteria,Actinomycetales
Corynebacterium aurimucosum,Bacteria,Actinobacteria,Actinobacteria,Actinobacteria,Actinomycetales
Corynebacterium coyleae/mucifaciens,Bacteria,Actinobacteria,Actinobacteria,Actinobacteria,Actinomycetales
Corynebacterium imitans,Bacteria,Actinobacteria,Actinobacteria,Actinobacteria,Actinomycetales
Corynebacterium pseudogenitali et al.,Bacteria,Actinobacteria,Actinobacteria,Actinobacteria,Actinomycetales
Corynebacterium pseudogenitalium,Bacteria,Actinobacteria,Actinobacteria,Actinobacteria,Actinomycetales
Corynebacterium simulans/stria et al.,Bacteria,Actinobacteria,Actinobacteria,Actinobacteria,Actinomycetales
Corynebacterium sundsvallense/ et al.,Bacteria,Actinobacteria,Actinobacteria,Actinobacteria,Actinomycetales
Desulfovibrio,Proteobacteria,Proteobacteria,Proteobacteria,Desulfovibrionales,Desulfovibrionales
Desulfovibrionales,Proteobacteria,Proteobacteria,Proteobacteria,Desulfovibrionales,Desulfovibrionales
Dialister,Bacteria,Firmicutes,Firmicutes.1,Veillonellaceae,Veillonellaceae
Dialister invisus,Bacteria,Firmicutes,Firmicutes.1,Veillonellaceae,Veillonellaceae
Dialister micraerophilus,Bacteria,Firmicutes,Firmicutes.1,Veillonellaceae,Veillonellaceae
Dialister pneumosintes,Bacteria,Firmicutes,Firmicutes.1,Veillonellaceae,Veillonellaceae
Dialister propionicifaciens,Bacteria,Firmicutes,Firmicutes.1,Veillonellaceae,Veillonellaceae
Dialister.1,Bacteria,Firmicutes,Firmicutes.1,Veillonellaceae,Veillonellaceae
Dialister.2,Bacteria,Firmicutes,Firmicutes.1,Veillonellaceae,Veillonellaceae
Dialister.3,Bacteria,Firmicutes,Firmicutes.1,Veillonellaceae,Veillonellaceae
Dialister.4,Bacteria,Firmicutes,Firmicutes.1,Veillonellaceae,Veillonellaceae
Dorea,Bacteria,Firmicutes,Clostridia,Clostridiales.1,Clostridiales.10
Dorea formicigenerans,Bacteria,Firmicutes,Clostridia,Clostridiales.1,Clostridiales.10
Dorea longicatena,Bacteria,Firmicutes,Clostridia,Clostridiales.1,Clostridiales.10
Eggerthella lenta,Bacteria,Coriobacteriaceae,Coriobacteriaceae,Coriobacteriaceae,Coriobacteriaceae
Eisenbergiella tayi,Bacteria,Firmicutes,Clostridia,Clostridiales.1,Clostridiales.10
Enterobacteriaceae,Proteobacteria,Proteobacteria,Proteobacteria,Gammaproteobacteria,Enterobacteriaceae
Enterobacteriaceae.1,Proteobacteria,Proteobacteria,Proteobacteria,Gammaproteobacteria,Enterobacteriaceae
Enterococcus azikeevi/canintes et al.,Bacteria,Firmicutes,Bacilli,Bacilli,Bacilli
Eremococcus coleocola,Bacteria,Firmicutes,Bacilli,Bacilli,Bacilli
Erysipelotrichaceae,Bacteria,Erysipelotrichaceae,Erysipelotrichaceae,Erysipelotrichaceae,Erysipelotrichaceae
Erysipelotrichaceae bacterium,Bacteria,Erysipelotrichaceae,Erysipelotrichaceae.1,Erysipelotrichaceae.1,Erysipelotrichaceae bacterium
Ezakiella,Bacteria,Firmicutes,Firmicutes,Clostridia.1,Ezakiella
Ezakiella peruensis,Bacteria,Firmicutes,Firmicutes,Clostridia.1,Ezakiella
Facklamia,Bacteria,Firmicutes,Bacilli,Bacilli,Bacilli
Facklamia ignava,Bacteria,Firmicutes,Bacilli,Bacilli,Bacilli
Faecalibacterium,Bacteria,Firmicutes,Clostridia,Ruminococcaceae,Ruminococcaceae.4
Faecalibacterium prausnitzii,Bacteria,Firmicutes,Clostridia,Ruminococcaceae,Ruminococcaceae.4
Faecalibacterium prausnitzii.1,Bacteria,Firmicutes,Clostridia,Ruminococcaceae,Ruminococcaceae.4
Faecalibacterium prausnitzii.2,Bacteria,Firmicutes,Clostridia,Ruminococcaceae,Ruminococcaceae.4
Faecalibacterium prausnitzii.3,Bacteria,Firmicutes,Clostridia,Ruminococcaceae,Ruminococcaceae.4
Faecalibacterium prausnitzii.4,Bacteria,Firmicutes,Clostridia,Ruminococcaceae,Ruminococcaceae.4
Faecalibacterium prausnitzii.5,Bacteria,Firmicutes,Clostridia,Ruminococcaceae,Ruminococcaceae.4
Faecalibacterium prausnitzii.6,Bacteria,Firmicutes,Clostridia,Ruminococcaceae,Ruminococcaceae.4
Faecalibacterium.1,Bacteria,Firmicutes,Clostridia,Ruminococcaceae,Ruminococcaceae.4
Faecalibacterium.2,Bacteria,Firmicutes,Clostridia,Ruminococcaceae,Ruminococcaceae.4
Faecalibacterium.3,Bacteria,Firmicutes,Clostridia,Ruminococcaceae,Ruminococcaceae.4
Faecalibacterium.4,Bacteria,Firmicutes,Clostridia,Ruminococcaceae,Ruminococcaceae.4
Faecalibacterium.5,Bacteria,Firmicutes,Clostridia,Ruminococcaceae,Ruminococcaceae.4
Fastidiosipila,Bacteria,Firmicutes,Clostridia,Clostridia,Fastidiosipila
Finegoldia,Bacteria,Firmicutes,Firmicutes,Clostridia.1,Clostridiales_Incertae_Sedis_XI
Finegoldia magna,Bacteria,Firmicutes,Firmicutes,Clostridia.1,Clostridiales_Incertae_Sedis_XI
Firmicutes,Bacteria,Firmicutes,Firmicutes,Firmicutes,Firmicutes
Firmicutes.1,Bacteria,Firmicutes,Firmicutes,Firmicutes.1,Firmicutes.1
Firmicutes.2,Bacteria,Firmicutes,Firmicutes.1,Firmicutes.2,Firmicutes.2
Firmicutes.3,Bacteria,Firmicutes,Firmicutes.1,Firmicutes.2,Firmicutes.2
Firmicutes.4,Bacteria,Firmicutes,Firmicutes.1,Firmicutes.2,Firmicutes.3
Firmicutes.5,Bacteria,Firmicutes,Firmicutes.1,Firmicutes.2,Firmicutes.2
Firmicutes.6,Bacteria,Firmicutes,Firmicutes.1,Firmicutes.2,Firmicutes.2
Flavonifractor,Bacteria,Firmicutes,Clostridia,Clostridiales.1,Ruminococcaceae.6
Flavonifractor plautii,Bacteria,Firmicutes,Clostridia,Clostridiales.1,Ruminococcaceae.6
Fusicatenibacter saccharivorans,Bacteria,Firmicutes,Clostridia,Clostridiales.1,Clostridiales.10
Fusobacterium,Bacteria,Fusobacteriales,Fusobacteriales,Fusobacterium,Fusobacterium
Fusobacterium equinum,Bacteria,Fusobacteriales,Fusobacteriales,Fusobacterium,Fusobacterium
Fusobacterium naviforme/nucleatum,Bacteria,Fusobacteriales,Fusobacteriales,Fusobacterium,Fusobacterium
Fusobacterium nucleatum/period et al.,Bacteria,Fusobacteriales,Fusobacteriales,Fusobacterium,Fusobacterium
Fusobacterium.1,Bacteria,Fusobacteriales,Fusobacteriales,Fusobacterium,Fusobacterium
Gardnerella vaginalis,Bacteria,Actinobacteria,Actinobacteria,Actinobacteria,Bifidobacteriaceae
Gardnerella vaginalis.1,Bacteria,Actinobacteria,Actinobacteria,Actinobacteria,Bifidobacteriaceae
Gemella asaccharolytica,Bacteria,Firmicutes,Bacilli,Bacilli,Bacilli
Gemella haemolysans/morbilloru et al.,Bacteria,Firmicutes,Bacilli,Bacilli,Bacilli
Gemmiger,Bacteria,Firmicutes,Clostridia,Ruminococcaceae,Ruminococcaceae.4
Gemmiger formicilis,Bacteria,Firmicutes,Clostridia,Ruminococcaceae,Ruminococcaceae.4
Gemmiger.1,Bacteria,Firmicutes,Clostridia,Ruminococcaceae,Ruminococcaceae.4
Granulicatella adiacens/para-a et al.,Bacteria,Firmicutes,Bacilli,Bacilli,Bacilli
Granulicatella elegans,Bacteria,Firmicutes,Bacilli,Bacilli,Bacilli
Haemophilus parainfluenzae,Proteobacteria,Proteobacteria,Proteobacteria,Gammaproteobacteria,Pasteurellaceae
Hafnia alvei,Proteobacteria,Proteobacteria,Proteobacteria,Gammaproteobacteria,Enterobacteriaceae
Holdemanella,Bacteria,Erysipelotrichaceae,Erysipelotrichaceae.1,Erysipelotrichaceae.1,Holdemanella
Holdemanella biformis,Bacteria,Erysipelotrichaceae,Erysipelotrichaceae.1,Erysipelotrichaceae.1,Holdemanella
Holdemania massiliensis,Bacteria,Erysipelotrichaceae,Erysipelotrichaceae,Holdemania massiliensis,Holdemania massiliensis
Howardella,Bacteria,Firmicutes,Clostridia,Clostridiales.1,Howardella
Howardella ureilytica,Bacteria,Firmicutes,Clostridia,Clostridiales.1,Howardella
Hungatella effluvii/hathewayi,Bacteria,Firmicutes,Clostridia,Clostridiales.1,Clostridiales.10
Intestinibacter bartlettii,Bacteria,Firmicutes,Firmicutes,Firmicutes,Peptostreptococcaceae
Intestinimonas,Bacteria,Firmicutes,Clostridia,Clostridiales.1,Ruminococcaceae.6
Intestinimonas butyriciproducens,Bacteria,Firmicutes,Clostridia,Clostridiales.1,Ruminococcaceae.6
Intestinimonas.1,Bacteria,Firmicutes,Clostridia,Clostridiales.1,Ruminococcaceae.6
Intestinimonas.2,Bacteria,Firmicutes,Clostridia,Clostridiales.1,Ruminococcaceae.6
Lachnospiraceae,Bacteria,Firmicutes,Clostridia,Clostridiales.1,Clostridiales.10
Lachnospiraceae.1,Bacteria,Firmicutes,Clostridia,Clostridiales.1,Clostridiales.10
Lachnospiraceae.10,Bacteria,Firmicutes,Clostridia,Clostridiales.1,Lachnospiraceae.1
Lachnospiraceae.11,Bacteria,Firmicutes,Clostridia,Clostridiales.1,Lachnospiraceae.1
Lachnospiraceae.12,Bacteria,Firmicutes,Clostridia,Clostridiales.1,Lachnospiraceae.1
Lachnospiraceae.13,Bacteria,Firmicutes,Clostridia,Clostridiales.1,Clostridiales.10
Lachnospiraceae.14,Bacteria,Firmicutes,Clostridia,Clostridiales.1,Clostridiales.10
Lachnospiraceae.15,Bacteria,Firmicutes,Clostridia,Clostridiales.1,Clostridiales.10
Lachnospiraceae.16,Bacteria,Firmicutes,Clostridia,Clostridiales.1,Clostridiales.10
Lachnospiraceae.17,Bacteria,Firmicutes,Clostridia,Clostridiales.1,Clostridiales.10
Lachnospiraceae.18,Bacteria,Firmicutes,Clostridia,Clostridiales.1,Clostridiales.10
Lachnospiraceae.19,Bacteria,Firmicutes,Clostridia,Clostridiales.1,Clostridiales.10
Lachnospiraceae.2,Bacteria,Firmicutes,Clostridia,Clostridiales.1,Clostridiales.10
Lachnospiraceae.20,Bacteria,Firmicutes,Clostridia,Clostridiales.1,Clostridiales.10
Lachnospiraceae.21,Bacteria,Firmicutes,Clostridia,Clostridiales.1,Clostridiales.10
Lachnospiraceae.22,Bacteria,Firmicutes,Clostridia,Clostridiales.1,Clostridiales.10
Lachnospiraceae.23,Bacteria,Firmicutes,Clostridia,Clostridiales.1,Clostridiales.10
Lachnospiraceae.24,Bacteria,Firmicutes,Clostridia,Clostridiales.1,Clostridiales.10
Lachnospiraceae.25,Bacteria,Firmicutes,Clostridia,Clostridiales.1,Clostridiales.10
Lachnospiraceae.26,Bacteria,Firmicutes,Clostridia,Clostridiales.1,Clostridiales.10
Lachnospiraceae.27,Bacteria,Firmicutes,Clostridia,Clostridiales.1,Clostridiales.10
Lachnospiraceae.28,Bacteria,Firmicutes,Clostridia,Clostridiales.1,Clostridiales.10
Lachnospiraceae.29,Bacteria,Firmicutes,Clostridia,Clostridiales.1,Clostridiales.10
Lachnospiraceae.3,Bacteria,Firmicutes,Clostridia,Clostridiales.1,Lachnospiraceae
Lachnospiraceae.30,Bacteria,Firmicutes,Clostridia,Clostridiales.1,Clostridiales.10
Lachnospiraceae.31,Bacteria,Firmicutes,Clostridia,Clostridiales.1,Clostridiales.10
Lachnospiraceae.32,Bacteria,Firmicutes,Clostridia,Clostridiales.1,Clostridiales.10
Lachnospiraceae.33,Bacteria,Firmicutes,Clostridia,Clostridiales.1,Clostridiales.10
Lachnospiraceae.34,Bacteria,Firmicutes,Clostridia,Clostridiales.1,Clostridiales.10
Lachnospiraceae.35,Bacteria,Firmicutes,Clostridia,Clostridiales.1,Clostridiales.10
Lachnospiraceae.36,Bacteria,Firmicutes,Clostridia,Clostridiales.1,Clostridiales.10
Lachnospiraceae.37,Bacteria,Firmicutes,Clostridia,Clostridiales.1,Clostridiales.10
Lachnospiraceae.38,Bacteria,Firmicutes,Clostridia,Clostridiales.1,Clostridiales.10
Lachnospiraceae.39,Bacteria,Firmicutes,Clostridia,Clostridiales.1,Clostridiales.10
Lachnospiraceae.4,Bacteria,Firmicutes,Clostridia,Clostridiales.1,Lachnospiraceae
Lachnospiraceae.40,Bacteria,Firmicutes,Clostridia,Clostridiales.1,Clostridiales.10
Lachnospiraceae.41,Bacteria,Firmicutes,Clostridia,Clostridiales.1,Clostridiales.10
Lachnospiraceae.42,Bacteria,Firmicutes,Clostridia,Clostridiales.1,Clostridiales.10
Lachnospiraceae.43,Bacteria,Firmicutes,Clostridia,Clostridiales.1,Clostridiales.10
Lachnospiraceae.44,Bacteria,Firmicutes,Clostridia,Clostridiales.1,Clostridiales.10
Lachnospiraceae.45,Bacteria,Firmicutes,Clostridia,Clostridiales.1,Clostridiales.10
Lachnospiraceae.46,Bacteria,Firmicutes,Clostridia,Clostridiales.1,Clostridiales.10
Lachnospiraceae.47,Bacteria,Firmicutes,Clostridia,Clostridiales.1,Clostridiales.10
Lachnospiraceae.48,Bacteria,Firmicutes,Clostridia,Clostridiales.1,Clostridiales.10
Lachnospiraceae.49,Bacteria,Firmicutes,Clostridia,Clostridiales.1,Clostridiales.10
Lachnospiraceae.5,Bacteria,Firmicutes,Clostridia,Clostridiales.1,Lachnospiraceae
Lachnospiraceae.50,Bacteria,Firmicutes,Clostridia,Clostridiales.1,Clostridiales.10
Lachnospiraceae.51,Bacteria,Firmicutes,Clostridia,Clostridiales.1,Clostridiales.10
Lachnospiraceae.52,Bacteria,Firmicutes,Clostridia,Clostridiales.1,Clostridiales.10
Lachnospiraceae.53,Bacteria,Firmicutes,Clostridia,Clostridiales.1,Clostridiales.10
Lachnospiraceae.54,Bacteria,Firmicutes,Clostridia,Clostridiales.1,Clostridiales.10
Lachnospiraceae.55,Bacteria,Firmicutes,Clostridia,Clostridiales.1,Clostridiales.10
Lachnospiraceae.56,Bacteria,Firmicutes,Clostridia,Clostridiales.1,Clostridiales.10
Lachnospiraceae.57,Bacteria,Firmicutes,Clostridia,Clostridiales.1,Clostridiales.10
Lachnospiraceae.58,Bacteria,Firmicutes,Clostridia,Clostridiales.1,Clostridiales.10
Lachnospiraceae.59,Bacteria,Firmicutes,Clostridia,Clostridiales.1,Clostridiales.10
Lachnospiraceae.6,Bacteria,Firmicutes,Clostridia,Clostridiales.1,Clostridiales.10
Lachnospiraceae.60,Bacteria,Firmicutes,Clostridia,Clostridiales.1,Clostridiales.10
Lachnospiraceae.61,Bacteria,Firmicutes,Clostridia,Clostridiales.1,Clostridiales.10
Lachnospiraceae.62,Bacteria,Firmicutes,Clostridia,Clostridiales.1,Clostridiales.10
Lachnospiraceae.7,Bacteria,Firmicutes,Clostridia,Clostridiales.1,Lachnospiraceae.1
Lachnospiraceae.8,Bacteria,Firmicutes,Clostridia,Clostridiales.1,Lachnospiraceae.1
Lachnospiraceae.9,Bacteria,Firmicutes,Clostridia,Clostridiales.1,Lachnospiraceae.1
Lactobacillus acidophilus/case et al.,Bacteria,Firmicutes,Bacilli,Bacilli,Lactobacillus
Lactobacillus iners,Bacteria,Firmicutes,Bacilli,Bacilli,Lactobacillus
Leptotrichiaceae,Bacteria,Fusobacteriales,Fusobacteriales,Leptotrichiaceae,Leptotrichiaceae
Megasphaera,Bacteria,Firmicutes,Firmicutes.1,Veillonellaceae,Veillonellaceae
Megasphaera micronuciformis,Bacteria,Firmicutes,Firmicutes.1,Veillonellaceae,Veillonellaceae
Mobiluncus curtisii,Bacteria,Actinobacteria,Actinobacteria,Actinobacteria,Actinomycetales.1
Mogibacterium,Bacteria,Firmicutes,Firmicutes,Firmicutes,Mogibacterium
Murdochiella,Bacteria,Firmicutes,Firmicutes,Clostridia.1,Clostridia.1
Murdochiella.1,Bacteria,Firmicutes,Firmicutes,Clostridia.1,Clostridia.1
NA albertii/boydii/coli/coli,Proteobacteria,Proteobacteria,Proteobacteria,Gammaproteobacteria,Enterobacteriaceae
Negativicoccus,Bacteria,Firmicutes,Firmicutes.1,Veillonellaceae,Veillonellaceae
Negativicoccus succinicivorans,Bacteria,Firmicutes,Firmicutes.1,Veillonellaceae,Veillonellaceae
Odoribacter splanchnicus,Bacteroidetes,Porphyromonadaceae,Porphyromonadaceae,Porphyromonadaceae.3,Odoribacter splanchnicus
Odoribacter splanchnicus.1,Bacteroidetes,Porphyromonadaceae,Porphyromonadaceae,Porphyromonadaceae.3,Odoribacter splanchnicus
Olsenella,Bacteria,Coriobacteriaceae,Coriobacteriaceae,Coriobacteriaceae,Coriobacteriaceae.2
Oscillibacter,Bacteria,Firmicutes,Clostridia,Clostridiales.1,Oscillibacter
Oscillibacter.1,Bacteria,Firmicutes,Clostridia,Clostridiales.1,Oscillibacter
Oscillibacter.2,Bacteria,Firmicutes,Clostridia,Clostridiales.1,Oscillibacter
Oscillibacter.3,Bacteria,Firmicutes,Clostridia,Clostridiales.1,Oscillibacter
Oscillibacter.4,Bacteria,Firmicutes,Clostridia,Clostridiales.1,Oscillibacter.1
Oscillibacter.5,Bacteria,Firmicutes,Clostridia,Clostridiales.1,Clostridiales.7
Oscillibacter.6,Bacteria,Firmicutes,Clostridia,Clostridiales.1,Clostridiales.7
Oscillibacter.7,Bacteria,Firmicutes,Clostridia,Clostridiales.1,Clostridiales.7
Oscillibacter.8,Bacteria,Firmicutes,Clostridia,Clostridiales.1,Clostridiales.7
Parabacteroides,Bacteroidetes,Bacteroidales,Bacteroidales.1,Porphyromonadaceae.1,Parabacteroides
Parabacteroides distasonis,Bacteroidetes,Bacteroidales,Bacteroidales.1,Porphyromonadaceae.1,Parabacteroides
Parabacteroides distasonis.1,Bacteroidetes,Bacteroidales,Bacteroidales.1,Porphyromonadaceae.1,Parabacteroides
Parabacteroides distasonis.2,Bacteroidetes,Bacteroidales,Bacteroidales.1,Porphyromonadaceae.1,Parabacteroides
Parabacteroides distasonis.3,Bacteroidetes,Bacteroidales,Bacteroidales.1,Porphyromonadaceae.1,Parabacteroides
Parabacteroides goldsteinii,Bacteroidetes,Bacteroidales,Bacteroidales.1,Porphyromonadaceae.1,Parabacteroides
Parabacteroides merdae,Bacteroidetes,Bacteroidales,Bacteroidales.1,Porphyromonadaceae.1,Parabacteroides
Parabacteroides.1,Bacteroidetes,Bacteroidales,Bacteroidales.1,Porphyromonadaceae.1,Parabacteroides
Paraprevotella,Bacteroidetes,Bacteroidetes,Bacteroidales,Paraprevotella,Paraprevotella
Paraprevotella xylaniphila,Bacteroidetes,Bacteroidetes,Bacteroidales,Paraprevotella,Paraprevotella
Paraprevotella.1,Bacteroidetes,Bacteroidetes,Bacteroidales,Paraprevotella,Paraprevotella
Paraprevotella.2,Bacteroidetes,Bacteroidetes,Bacteroidales,Paraprevotella,Paraprevotella
Paraprevotella.3,Bacteroidetes,Bacteroidetes,Bacteroidales,Paraprevotella,Paraprevotella
Parasutterella excrementihominis,Proteobacteria,Proteobacteria,Proteobacteria,Betaproteobacteria,Betaproteobacteria
Parvimonas,Bacteria,Firmicutes,Firmicutes,Clostridia.1,Parvimonas
Parvimonas micra,Bacteria,Firmicutes,Firmicutes,Clostridia.1,Parvimonas
Peptococcus niger,Bacteria,Firmicutes,Clostridia,Clostridia,Peptococcus niger
Peptoniphilaceae,Bacteria,Firmicutes,Firmicutes,Clostridiales,Peptoniphilaceae
Peptoniphilus,Bacteria,Firmicutes,Firmicutes,Clostridiales,Clostridiales.4
Peptoniphilus asaccharolyticus et al.,Bacteria,Firmicutes,Firmicutes,Clostridiales,Peptoniphilaceae
Peptoniphilus coxii,Bacteria,Firmicutes,Firmicutes,Clostridiales,Clostridiales.4
Peptoniphilus duerdenii,Bacteria,Firmicutes,Firmicutes,Clostridiales,Peptoniphilaceae
Peptoniphilus gorbachii/harei/ et al.,Bacteria,Firmicutes,Firmicutes,Clostridiales,Peptoniphilaceae
Peptoniphilus lacrimalis,Bacteria,Firmicutes,Firmicutes,Clostridiales,Peptoniphilaceae
Peptoniphilus massiliensis,Bacteria,Firmicutes,Firmicutes,Clostridiales,Clostridiales.4
Peptoniphilus massiliensis.1,Bacteria,Firmicutes,Firmicutes,Clostridiales,Clostridiales.4
Peptoniphilus.1,Bacteria,Firmicutes,Firmicutes,Clostridiales,Peptoniphilaceae
Peptoniphilus.2,Bacteria,Firmicutes,Firmicutes,Clostridiales,Peptoniphilaceae
Peptostreptococcus anaerobius,Bacteria,Firmicutes,Firmicutes,Firmicutes,Peptostreptococcaceae
Peptostreptococcus stomatis,Bacteria,Firmicutes,Firmicutes,Firmicutes,Peptostreptococcaceae
Phascolarctobacterium,Bacteria,Firmicutes,Firmicutes.1,Acidaminococcaceae,Acidaminococcaceae
Phascolarctobacterium faecium,Bacteria,Firmicutes,Firmicutes.1,Acidaminococcaceae,Acidaminococcaceae
Phascolarctobacterium succinatutens,Bacteria,Firmicutes,Firmicutes.1,Acidaminococcaceae,Acidaminococcaceae
Phascolarctobacterium.1,Bacteria,Firmicutes,Firmicutes.1,Acidaminococcaceae,Acidaminococcaceae
Porphyromonadaceae,Bacteroidetes,Bacteroidales,Bacteroidales.1,Porphyromonadaceae,Porphyromonadaceae
Porphyromonadaceae.1,Bacteroidetes,Bacteroidales,Bacteroidales.1,Porphyromonadaceae.2,Porphyromonadaceae.1
Porphyromonadaceae.2,Bacteroidetes,Bacteroidales,Bacteroidales.1,Porphyromonadaceae.4,Porphyromonadaceae.2
Porphyromonadaceae.3,Bacteroidetes,Bacteroidales,Bacteroidales.1,Porphyromonadaceae.4,Porphyromonadaceae.3
Porphyromonas,Bacteroidetes,Bacteroidales,Bacteroidales.1,Porphyromonadaceae.1,Porphyromonas
Porphyromonas asaccharolytica,Bacteroidetes,Bacteroidales,Bacteroidales.1,Porphyromonadaceae,Porphyromonas.2
Porphyromonas bennonis,Bacteroidetes,Bacteroidales,Bacteroidales.1,Porphyromonadaceae.1,Porphyromonas
Porphyromonas somerae,Bacteroidetes,Bacteroidales,Bacteroidales.1,Porphyromonadaceae.1,Porphyromonas
Porphyromonas uenonis,Bacteroidetes,Bacteroidales,Bacteroidales.1,Porphyromonadaceae,Porphyromonas.2
Porphyromonas uenonis.1,Bacteroidetes,Bacteroidales,Bacteroidales.1,Porphyromonadaceae,Porphyromonas.2
Porphyromonas.1,Bacteroidetes,Bacteroidales,Bacteroidales.1,Porphyromonadaceae.1,Porphyromonas
Porphyromonas.2,Bacteroidetes,Bacteroidales,Bacteroidales.1,Porphyromonadaceae.1,Porphyromonas
Porphyromonas.3,Bacteroidetes,Bacteroidales,Bacteroidales.1,Porphyromonadaceae.1,Porphyromonas
Porphyromonas.4,Bacteroidetes,Bacteroidales,Bacteroidales.1,Porphyromonadaceae.1,Porphyromonas
Porphyromonas.5,Bacteroidetes,Bacteroidales,Bacteroidales.1,Porphyromonadaceae.1,Porphyromonas
Porphyromonas.6,Bacteroidetes,Bacteroidales,Bacteroidales.1,Porphyromonadaceae,Porphyromonas.1
Porphyromonas.7,Bacteroidetes,Bacteroidales,Bacteroidales.1,Porphyromonadaceae,Porphyromonas.1
Porphyromonas.8,Bacteroidetes,Bacteroidales,Bacteroidales.1,Porphyromonadaceae,Porphyromonas.2
Prevotella,Bacteroidetes,Bacteroidetes,Bacteroidetes,Prevotella,Prevotella
Prevotella bergensis,Bacteroidetes,Bacteroidetes,Bacteroidetes,Prevotella.1,Prevotella bergensis
Prevotella bergensis.1,Bacteroidetes,Bacteroidetes,Bacteroidetes,Prevotella.1,Prevotella bergensis
Prevotella bivia,Bacteroidetes,Bacteroidetes,Bacteroidetes,Prevotella.1,Prevotella.2
Prevotella bivia.1,Bacteroidetes,Bacteroidetes,Bacteroidetes,Prevotella.1,Prevotella.2
Prevotella buccalis,Bacteroidetes,Bacteroidetes,Bacteroidetes,Prevotella.1,Prevotella.3
Prevotella buccalis.1,Bacteroidetes,Bacteroidetes,Bacteroidetes,Prevotella.1,Prevotella.3
Prevotella copri,Bacteroidetes,Bacteroidetes,Bacteroidetes,Prevotella.1,Prevotella.1
Prevotella corporis,Bacteroidetes,Bacteroidetes,Bacteroidetes,Prevotella.1,Prevotella.2
Prevotella corporis.1,Bacteroidetes,Bacteroidetes,Bacteroidetes,Prevotella.1,Prevotella.2
Prevotella disiens,Bacteroidetes,Bacteroidetes,Bacteroidetes,Prevotella.1,Prevotella.2
Prevotella timonensis,Bacteroidetes,Bacteroidetes,Bacteroidetes,Prevotella.1,Prevotella.3
Prevotella.1,Bacteroidetes,Bacteroidetes,Bacteroidetes,Prevotella.1,Prevotella.1
Prevotella.10,Bacteroidetes,Bacteroidetes,Bacteroidetes,Prevotella.1,Prevotella.3
Prevotella.11,Bacteroidetes,Bacteroidetes,Bacteroidetes,Prevotella.1,Prevotella.3
Prevotella.12,Bacteroidetes,Bacteroidetes,Bacteroidetes,Prevotella.1,Prevotella.3
Prevotella.13,Bacteroidetes,Bacteroidetes,Bacteroidetes,Prevotella.1,Prevotella.3
Prevotella.14,Bacteroidetes,Bacteroidetes,Bacteroidetes,Prevotella.1,Prevotella.3
Prevotella.15,Bacteroidetes,Bacteroidetes,Bacteroidetes,Prevotella.1,Prevotella.3
Prevotella.2,Bacteroidetes,Bacteroidetes,Bacteroidetes,Prevotella.1,Prevotella.1
Prevotella.3,Bacteroidetes,Bacteroidetes,Bacteroidetes,Prevotella.1,Prevotella.1
Prevotella.4,Bacteroidetes,Bacteroidetes,Bacteroidetes,Prevotella.1,Prevotella.1
Prevotella.5,Bacteroidetes,Bacteroidetes,Bacteroidetes,Prevotella.1,Prevotella.1
Prevotella.6,Bacteroidetes,Bacteroidetes,Bacteroidetes,Prevotella.1,Prevotella.1
Prevotella.7,Bacteroidetes,Bacteroidetes,Bacteroidetes,Prevotella.1,Prevotella.2
Prevotella.8,Bacteroidetes,Bacteroidetes,Bacteroidetes,Prevotella.1,Prevotella.2
Prevotella.9,Bacteroidetes,Bacteroidetes,Bacteroidetes,Prevotella.1,Prevotella.2
Pseudoflavonifractor,Bacteria,Firmicutes,Clostridia,Clostridiales.1,Ruminococcaceae.6
Pseudomonas deceptionensis/flu et al.,Proteobacteria,Proteobacteria,Proteobacteria,Gammaproteobacteria,Pseudomonas deceptionensis/flu et al.
Romboutsia,Bacteria,Firmicutes,Firmicutes,Firmicutes,Peptostreptococcaceae
Roseburia,Bacteria,Firmicutes,Clostridia,Clostridiales.1,Clostridiales.10
Roseburia faecis,Bacteria,Firmicutes,Clostridia,Clostridiales.1,Clostridiales.10
Roseburia hominis,Bacteria,Firmicutes,Clostridia,Clostridiales.1,Clostridiales.10
Roseburia intestinalis,Bacteria,Firmicutes,Clostridia,Clostridiales.1,Clostridiales.10
Roseburia inulinivorans,Bacteria,Firmicutes,Clostridia,Clostridiales.1,Clostridiales.10
Ruminococcaceae,Bacteria,Firmicutes,Clostridia,Clostridiales.1,Ruminococcaceae
Ruminococcaceae.1,Bacteria,Firmicutes,Clostridia,Clostridiales.1,Ruminococcaceae
Ruminococcaceae.10,Bacteria,Firmicutes,Clostridia,Clostridiales.1,Ruminococcaceae.3
Ruminococcaceae.11,Bacteria,Firmicutes,Clostridia,Clostridiales.1,Ruminococcaceae.2
Ruminococcaceae.12,Bacteria,Firmicutes,Clostridia,Clostridiales.1,Ruminococcaceae.2
Ruminococcaceae.13,Bacteria,Firmicutes,Clostridia,Clostridiales.1,Ruminococcaceae.5
Ruminococcaceae.14,Bacteria,Firmicutes,Clostridia,Clostridiales.1,Ruminococcaceae.5
Ruminococcaceae.15,Bacteria,Firmicutes,Clostridia,Clostridiales.1,Ruminococcaceae.5
Ruminococcaceae.16,Bacteria,Firmicutes,Clostridia,Clostridiales.1,Ruminococcaceae.5
Ruminococcaceae.17,Bacteria,Firmicutes,Clostridia,Clostridiales.1,Ruminococcaceae.5
Ruminococcaceae.18,Bacteria,Firmicutes,Clostridia,Ruminococcaceae,Ruminococcaceae.4
Ruminococcaceae.19,Bacteria,Firmicutes,Clostridia,Ruminococcaceae,Ruminococcaceae.4
Ruminococcaceae.2,Bacteria,Firmicutes,Clostridia,Clostridiales.1,Ruminococcaceae.2
Ruminococcaceae.20,Bacteria,Firmicutes,Clostridia,Ruminococcaceae,Ruminococcaceae.4
Ruminococcaceae.21,Bacteria,Firmicutes,Clostridia,Ruminococcaceae,Ruminococcaceae.4
Ruminococcaceae.22,Bacteria,Firmicutes,Clostridia,Clostridiales.1,Ruminococcaceae.5
Ruminococcaceae.23,Bacteria,Firmicutes,Clostridia,Clostridiales.1,Ruminococcaceae.2
Ruminococcaceae.24,Bacteria,Firmicutes,Clostridia,Clostridiales.1,Ruminococcaceae.2
Ruminococcaceae.25,Bacteria,Firmicutes,Clostridia,Clostridiales.1,Ruminococcaceae.2
Ruminococcaceae.26,Bacteria,Firmicutes,Clostridia,Clostridiales.1,Clostridiales.7
Ruminococcaceae.27,Bacteria,Firmicutes,Clostridia,Clostridiales.1,Clostridiales.7
Ruminococcaceae.28,Bacteria,Firmicutes,Clostridia,Clostridiales.1,Clostridiales.7
Ruminococcaceae.29,Bacteria,Firmicutes,Clostridia,Clostridiales.1,Clostridiales.7
Ruminococcaceae.3,Bacteria,Firmicutes,Clostridia,Clostridiales.1,Clostridiales.6
Ruminococcaceae.30,Bacteria,Firmicutes,Clostridia,Clostridiales.1,Clostridiales.7
Ruminococcaceae.31,Bacteria,Firmicutes,Clostridia,Clostridiales.1,Clostridiales.7
Ruminococcaceae.32,Bacteria,Firmicutes,Clostridia,Clostridiales.1,Clostridiales.7
Ruminococcaceae.33,Bacteria,Firmicutes,Clostridia,Clostridiales.1,Clostridiales.7
Ruminococcaceae.34,Bacteria,Firmicutes,Clostridia,Clostridiales.1,Clostridiales.7
Ruminococcaceae.35,Bacteria,Firmicutes,Clostridia,Clostridiales.1,Clostridiales.7
Ruminococcaceae.36,Bacteria,Firmicutes,Clostridia,Clostridiales.1,Clostridiales.7
Ruminococcaceae.37,Bacteria,Firmicutes,Clostridia,Clostridiales.1,Clostridiales.7
Ruminococcaceae.38,Bacteria,Firmicutes,Clostridia,Clostridiales.1,Clostridiales.7
Ruminococcaceae.39,Bacteria,Firmicutes,Clostridia,Clostridiales.1,Clostridiales.7
Ruminococcaceae.4,Bacteria,Firmicutes,Clostridia,Clostridiales.1,Ruminococcaceae.1
Ruminococcaceae.40,Bacteria,Firmicutes,Clostridia,Clostridiales.1,Clostridiales.7
Ruminococcaceae.41,Bacteria,Firmicutes,Clostridia,Clostridiales.1,Clostridiales.7
Ruminococcaceae.42,Bacteria,Firmicutes,Clostridia,Clostridiales.1,Clostridiales.7
Ruminococcaceae.43,Bacteria,Firmicutes,Clostridia,Clostridiales.1,Ruminococcaceae.6
Ruminococcaceae.44,Bacteria,Firmicutes,Clostridia,Clostridiales.1,Ruminococcaceae.6
Ruminococcaceae.45,Bacteria,Firmicutes,Clostridia,Clostridiales.1,Ruminococcaceae.6
Ruminococcaceae.46,Bacteria,Firmicutes,Clostridia,Clostridiales.1,Ruminococcaceae.6
Ruminococcaceae.47,Bacteria,Firmicutes,Clostridia,Clostridiales.1,Ruminococcaceae.6
Ruminococcaceae.48,Bacteria,Firmicutes,Clostridia,Clostridiales.1,Ruminococcaceae.6
Ruminococcaceae.49,Bacteria,Firmicutes,Clostridia,Clostridiales.1,Ruminococcaceae.6
Ruminococcaceae.5,Bacteria,Firmicutes,Clostridia,Clostridiales.1,Ruminococcaceae.1
Ruminococcaceae.50,Bacteria,Firmicutes,Clostridia,Clostridiales.1,Ruminococcaceae.6
Ruminococcaceae.51,Bacteria,Firmicutes,Clostridia,Clostridiales.1,Ruminococcaceae.6
Ruminococcaceae.52,Bacteria,Firmicutes,Clostridia,Clostridiales.1,Ruminococcaceae.6
Ruminococcaceae.53,Bacteria,Firmicutes,Clostridia,Clostridiales.1,Ruminococcaceae.6
Ruminococcaceae.54,Bacteria,Firmicutes,Clostridia,Clostridiales.1,Ruminococcaceae.6
Ruminococcaceae.55,Bacteria,Firmicutes,Clostridia,Clostridiales.1,Clostridiales.8
Ruminococcaceae.6,Bacteria,Firmicutes,Clostridia,Clostridiales.1,Ruminococcaceae.2
Ruminococcaceae.7,Bacteria,Firmicutes,Clostridia,Clostridiales.1,Ruminococcaceae.2
Ruminococcaceae.8,Bacteria,Firmicutes,Clostridia,Clostridiales.1,Ruminococcaceae.3
Ruminococcaceae.9,Bacteria,Firmicutes,Clostridia,Clostridiales.1,Ruminococcaceae.3
Ruminococcus,Bacteria,Firmicutes,Clostridia,Clostridiales.1,Ruminococcaceae.2
Ruminococcus bicirculans,Bacteria,Firmicutes,Clostridia,Clostridiales.1,Ruminococcaceae.2
Ruminococcus bromii,Bacteria,Firmicutes,Clostridia,Clostridiales.1,Ruminococcaceae.5
Ruminococcus callidus,Bacteria,Firmicutes,Clostridia,Clostridiales.1,Ruminococcaceae.2
Ruminococcus.1,Bacteria,Firmicutes,Clostridia,Clostridiales.1,Ruminococcaceae.2
Ruminococcus.2,Bacteria,Firmicutes,Clostridia,Clostridiales.1,Ruminococcaceae.2
Ruminococcus2,Bacteria,Firmicutes,Clostridia,Clostridiales.1,Clostridiales.10
Ruminococcus2.1,Bacteria,Firmicutes,Clostridia,Clostridiales.1,Clostridiales.10
Ruminococcus2.2,Bacteria,Firmicutes,Clostridia,Clostridiales.1,Clostridiales.10
Ruminococcus2.3,Bacteria,Firmicutes,Clostridia,Clostridiales.1,Clostridiales.10
Saccharofermentans,Bacteria,Firmicutes,Clostridia,Clostridia,Saccharofermentans
Senegalimassilia anaerobia,Bacteria,Coriobacteriaceae,Coriobacteriaceae,Coriobacteriaceae,Coriobacteriaceae.1
Sneathia,Bacteria,Fusobacteriales,Fusobacteriales,Leptotrichiaceae,Leptotrichiaceae
Sneathia sanguinegens,Bacteria,Fusobacteriales,Fusobacteriales,Leptotrichiaceae,Leptotrichiaceae
Sneathia sanguinegens.1,Bacteria,Fusobacteriales,Fusobacteriales,Leptotrichiaceae,Leptotrichiaceae
Staphylococcus argenteus/arlet et al.,Bacteria,Firmicutes,Bacilli,Bacilli,Bacilli
Streptococcus,Bacteria,Firmicutes,Bacilli,Bacilli,Streptococcus
Streptococcus agalactiae/dysga et al.,Bacteria,Firmicutes,Bacilli,Bacilli,Streptococcus
Streptococcus anginosus/miller et al.,Bacteria,Firmicutes,Bacilli,Bacilli,Streptococcus
Streptococcus australis/dentis et al.,Bacteria,Firmicutes,Bacilli,Bacilli,Streptococcus
Streptococcus australis/mitis/ et al.,Bacteria,Firmicutes,Bacilli,Bacilli,Streptococcus
Streptococcus salivarius/vesti et al.,Bacteria,Firmicutes,Bacilli,Bacilli,Streptococcus
Succiniclasticum,Bacteria,Firmicutes,Firmicutes.1,Acidaminococcaceae,Acidaminococcaceae
Succinivibrio,Proteobacteria,Proteobacteria,Proteobacteria,Gammaproteobacteria,Succinivibrio
Sutterella,Proteobacteria,Proteobacteria,Proteobacteria,Betaproteobacteria,Betaproteobacteria
Sutterella stercoricanis,Proteobacteria,Proteobacteria,Proteobacteria,Betaproteobacteria,Betaproteobacteria
Sutterella wadsworthensis,Proteobacteria,Proteobacteria,Proteobacteria,Betaproteobacteria,Betaproteobacteria
Sutterella wadsworthensis.1,Proteobacteria,Proteobacteria,Proteobacteria,Betaproteobacteria,Betaproteobacteria
Sutterella.1,Proteobacteria,Proteobacteria,Proteobacteria,Betaproteobacteria,Betaproteobacteria
Varibaculum,Bacteria,Actinobacteria,Actinobacteria,Actinobacteria,Actinomycetales.1
Varibaculum cambriense,Bacteria,Actinobacteria,Actinobacteria,Actinobacteria,Actinomycetales.1
Veillonella atypica/dispar,Bacteria,Firmicutes,Firmicutes.1,Veillonellaceae,Veillonellaceae
Veillonella dispar/parvula,Bacteria,Firmicutes,Firmicutes.1,Veillonellaceae,Veillonellaceae
Veillonella parvula/rogosae/to et al.,Bacteria,Firmicutes,Firmicutes.1,Veillonellaceae,Veillonellaceae
Veillonellaceae,Bacteria,Firmicutes,Firmicutes.1,Veillonellaceae,Veillonellaceae
