"","Lachnospiraceae","Lachnospiraceae.1","Lachnospiraceae.2","Lachnospiraceae.3","Lachnospiraceae.4","Lachnospiraceae.5","Lachnospiraceae.6","Lachnospiraceae.7","Lachnospiraceae.8","Lachnospiraceae.9","Lachnospiraceae.10","Lachnospiraceae.11","Clostridium_XlVa.asparagiforme.et.al.","Lachnospiraceae.12","Lachnospiraceae.13","Clostridium_XlVa","Hungatella.effluvii.hathewayi","Lachnospiraceae.14","Lachnospiraceae.15","Clostridium_XlVa.1","Lachnospiraceae.16","Lachnospiraceae.17","Eisenbergiella.tayi","Dorea.longicatena","Dorea","Clostridium_XlVa.scindens","Lachnospiraceae.18","Lachnospiraceae.19","Lachnospiraceae.20","Lachnospiraceae.21","Lachnospiraceae.22","Lachnospiraceae.23","Roseburia.intestinalis","Roseburia.faecis","Roseburia","Roseburia.inulinivorans","Roseburia.hominis","Lachnospiraceae.24","Lachnospiraceae.25","Lachnospiraceae.26","Clostridiales","Ruminococcaceae","Ruminococcaceae.1","Ruminococcaceae.2","Ruminococcaceae.3","Ruminococcaceae.4","Ruminococcaceae.5","Ruminococcaceae.6","Ruminococcaceae.7","Ruminococcaceae.8","Ruminococcaceae.9","Oscillibacter","Oscillibacter.1","Oscillibacter.2","Ruminococcaceae.10","Oscillibacter.3","Oscillibacter.4","Oscillibacter.5","Oscillibacter.6","Ruminococcaceae.11","Ruminococcaceae.12","Oscillibacter.7","Ruminococcaceae.13","Ruminococcaceae.14","Oscillibacter.8","Clostridiales.1","Ruminococcaceae.15","Ruminococcaceae.16","Ruminococcaceae.17","Intestinimonas.butyriciproducens","Ruminococcaceae.18","Ruminococcaceae.19","Ruminococcaceae.20","Ruminococcaceae.21","Ruminococcaceae.22","Intestinimonas","Intestinimonas.1","Flavonifractor.plautii","Flavonifractor","Pseudoflavonifractor","Ruminococcaceae.23","Ruminococcaceae.24","Ruminococcaceae.25","Ruminococcaceae.26","Ruminococcaceae.27","Ruminococcaceae.28","Ruminococcaceae.29","Clostridiales.2","Ruminococcus","Ruminococcus.bicirculans","Ruminococcus.1","Ruminococcus.callidus","Ruminococcus.2","Ruminococcaceae.30","Ruminococcaceae.31","Ruminococcaceae.32","Ruminococcaceae.33","Ruminococcaceae.34","Anaerotruncus.colihominis","Ruminococcaceae.35","Clostridium_IV","Clostridium_IV.1","Ruminococcaceae.36","Clostridiales.3","Clostridiales.4","Clostridiales.5","Ruminococcaceae.37","Ruminococcaceae.38","Ruminococcaceae.39","Ruminococcaceae.40","Ruminococcaceae.41","Butyricicoccus","Butyricicoccus.1","Ruminococcaceae.42","Ruminococcaceae.43","Ruminococcaceae.44","Ruminococcaceae.45","Clostridium_IV.2","Ruminococcaceae.46","Ruminococcaceae.47","Clostridium_IV.3","Ruminococcaceae.48","Ruminococcaceae.49","Clostridium_IV.leptum","Clostridium_IV.4","Ruminococcus.bromii","Ruminococcaceae.50","Ruminococcaceae.51","Faecalibacterium.prausnitzii","Faecalibacterium","Faecalibacterium.prausnitzii.1","Faecalibacterium.prausnitzii.2","Faecalibacterium.prausnitzii.3","Faecalibacterium.prausnitzii.4","Faecalibacterium.prausnitzii.5","Faecalibacterium.1","Faecalibacterium.2","Faecalibacterium.3","Faecalibacterium.prausnitzii.6","Gemmiger.formicilis","Gemmiger","Ruminococcaceae.52","Gemmiger.1","Ruminococcaceae.53","Faecalibacterium.4","Faecalibacterium.5","Ruminococcaceae.54","Clostridiales.6","Ruminococcaceae.55","Clostridiales.7","Clostridiales.8","Clostridiales.9","Clostridiales.10","Gemella.asaccharolytica","Gemella.haemolysans.morbilloru.et.al.","Staphylococcus.argenteus.arlet.et.al.","Granulicatella.elegans","Granulicatella.adiacens.para.a.et.al.","Enterococcus.azikeevi.canintes.et.al.","Facklamia","Eremococcus.coleocola","Lactobacillus.iners","Lactobacillus.acidophilus.case.et.al.","Aerococcus.christensenii","Streptococcus.anginosus.miller.et.al.","Streptococcus.salivarius.vesti.et.al.","Streptococcus.australis.mitis..et.al.","Streptococcus","Streptococcus.australis.dentis.et.al.","Streptococcus.agalactiae.dysga.et.al.","Facklamia.ignava","Holdemanella","Holdemanella.biformis","Erysipelotrichaceae.bacterium","Holdemania.massiliensis","Coprobacillus.cateniformis","Clostridium_XVIII","Clostridium_XVIII.ramosum","Fusobacterium.equinum","Fusobacterium.nucleatum.period.et.al.","Fusobacterium","Fusobacterium.1","Fusobacterium.naviforme.nucleatum","Leptotrichiaceae","Sneathia.sanguinegens","Sneathia.sanguinegens.1","Sneathia","Megasphaera","Negativicoccus.succinicivorans","Negativicoccus","Dialister","Dialister.1","Dialister.propionicifaciens","Dialister.2","Dialister.invisus","Dialister.3","Dialister.4","Dialister.pneumosintes","Dialister.micraerophilus","Veillonellaceae","Allisonella.histaminiformans","Megasphaera.micronuciformis","Veillonella.atypica.dispar","Veillonella.dispar.parvula","Veillonella.parvula.rogosae.to.et.al.","Phascolarctobacterium.faecium","Succiniclasticum","Phascolarctobacterium.succinatutens","Phascolarctobacterium","Acidaminococcus.intestinalis.i.et.al.","Phascolarctobacterium.1","Firmicutes","Firmicutes.1","Firmicutes.2","Firmicutes.3","Firmicutes.4","Clostridiales_Incertae_Sedis_XI","Finegoldia","Finegoldia.magna","Ezakiella","Ezakiella.peruensis","Anaerococcus","Anaerococcus.prevotii.tetradius","Anaerococcus.1","Anaerococcus.murdochii","Anaerococcus.lactolyticus","Anaerococcus.provenciensis","Anaerococcus.octavius","Anaerococcus.2","Anaerococcus.3","Anaerococcus.vaginalis","Anaerococcus.senegalensis","Anaerococcus.4","Clostridiales.11","Clostridiales.12","Parvimonas","Parvimonas.micra","Murdochiella","Murdochiella.1","Clostridia","Peptoniphilus.massiliensis","Peptoniphilus.massiliensis.1","Peptoniphilus.coxii","Peptoniphilus","Clostridiales.13","Peptoniphilus.asaccharolyticus.et.al.","Peptoniphilus.gorbachii.harei..et.al.","Peptoniphilus.lacrimalis","Peptoniphilus.1","Peptoniphilus.duerdenii","Peptoniphilaceae","Peptoniphilus.2","Clostridiales.14","Firmicutes.5","Clostridiales.15","Mogibacterium","Firmicutes.6","Clostridiales.16","Clostridiales.17","Clostridiales.18","Clostridiales.19","Clostridiales.20","Clostridiales.21","Clostridiales.22","Clostridiales.23","Clostridiales_Incertae_Sedis_XIII","Intestinibacter.bartlettii","Peptostreptococcus.anaerobius","Peptostreptococcus.stomatis","Romboutsia","Alphaproteobacteria","Pseudomonas.deceptionensis.flu.et.al.","Desulfovibrionales","Desulfovibrio","Bilophila","Bilophila.1","Bilophila.wadsworthia","Hafnia.alvei","Succinivibrio","Aggregatibacter.segnis","Haemophilus.parainfluenzae","Escrichia.coli.et.al.","Enterobacteriaceae","Betaproteobacteria","Sutterella.stercoricanis","Sutterella","Sutterella.wadsworthensis","Sutterella.wadsworthensis.1","Sutterella.1","Parasutterella.excrementihominis","Enterobacteriaceae.1","Porphyromonadaceae","Porphyromonas","Porphyromonas.1","Porphyromonas.bennonis","Porphyromonas.2","Porphyromonas.3","Porphyromonas.4","Porphyromonas.5","Porphyromonas.somerae","Porphyromonas.6","Porphyromonas.7","Porphyromonadaceae.1","Porphyromonas.asaccharolytica","Porphyromonas.uenonis","Porphyromonas.8","Porphyromonas.uenonis.1","Parabacteroides.goldsteinii","Parabacteroides","Parabacteroides.merdae","Parabacteroides.distasonis","Parabacteroides.distasonis.1","Parabacteroides.distasonis.2","Parabacteroides.distasonis.3","Parabacteroides.1","Coprobacter.fastidiosus","Coprobacter","Barnesiella","Barnesiella.1","Barnesiella.2","Barnesiella.3","Porphyromonadaceae.2","Porphyromonadaceae.3","Barnesiella.4","Alistipes.massiliensis","Alistipes.putredinis","Alistipes.finegoldii.onderdonkii","Alistipes.obesi","Alistipes.shahii","Alistipes.finegoldii","Alistipes.inops","Alistipes.indistinctus","Alistipes.marseilloanorexicus","Alistipes","Odoribacter.splanchnicus","Odoribacter.splanchnicus.1","Butyricimonas","Butyricimonas.faecihominis","Butyricimonas.1","Butyricimonas.paravirosa","Butyricimonas.2","Butyricimonas.3","Bacteroidetes","Prevotella","Prevotella.corporis","Prevotella.1","Prevotella.corporis.1","Prevotella.disiens","Prevotella.2","Prevotella.bivia","Prevotella.bivia.1","Prevotella.3","Prevotella.4","Prevotella.timonensis","Prevotella.5","Prevotella.6","Prevotella.7","Prevotella.8","Prevotella.buccalis","Prevotella.9","Prevotella.buccalis.1","Prevotella.10","Prevotella.bergensis","Prevotella.bergensis.1","Prevotella.11","Prevotella.12","Prevotella.copri","Prevotella.13","Prevotella.14","Prevotella.15","Paraprevotella","Paraprevotella.1","Paraprevotella.xylaniphila","Paraprevotella.2","Paraprevotella.3","Bacteroides.cellulosilyticus.t.et.al.","Bacteroides.uniformis","Bacteroides.uniformis.1","Bacteroides","Bacteroides.salyersiae","Bacteroides.ovatus","Bacteroides.ovatus.1","Bacteroides.ovatus.2","Bacteroides.ovatus.xylanisolvens","Bacteroides.finegoldii","Bacteroides.dorei.fragilis","Bacteroides.faecichinchillae.f.et.al.","Bacteroides.massiliensis","Bacteroides.vulgatus","Bacteroides.vulgatus.1","Bacteroides.dorei.vulgatus","Bacteroides.1","Bacteroides.dorei","Bacteroides.coprocola","Bacteroides.plebeius","Bacteroides.plebeius.1","Bacteroides.caccae","Bacteroides.2","Bacteroides.clarus","Bacteroides.eggerthii","Bacteroides.3","Bacteroides.dorei.stercoris","Campylobacter.ureolyticus","Campylobacter","Campylobacter.hominis","Senegalimassilia.anaerobia","Collinsella.aerofaciens","Coriobacteriaceae","Atopobium.vaginae","Coriobacteriaceae.1","Atopobium.fossor.minutum","Atopobium.deltae","Olsenella","Eggerthella.lenta","Coriobacteriaceae.2","Actinobacteria","Coriobacteriaceae.3","Adlercreutzia.celatus.equolifaciens","Coriobacteriaceae.4","Corynebacterium.pseudogenitali.et.al.","Corynebacterium.aurimucosum","Corynebacterium.sundsvallense..et.al.","Corynebacterium.imitans","Corynebacterium.pseudogenitalium","Corynebacterium.coyleae.mucifaciens","Corynebacterium.amycolatum.lactis","Arthrobacter.albus.cumminsii","Alloscardovia.omnicolens","Bifidobacterium.bifidum","Bifidobacterium.breve.kashiwan.et.al.","Bifidobacterium.adolescentis.f.et.al.","Bifidobacterium.catenulatum.ga.et.al.","Gardnerella.vaginalis","Gardnerella.vaginalis.1","Arcanobacterium","Mobiluncus.curtisii","Varibaculum.cambriense","Varibaculum","Actinomyces.europaeus","Actinomyces.turicensis","Actinomyces.odontolyticus","Actinomyces.neuii","Corynebacterium.simulans.stria.et.al.","Actinomycetales","Fastidiosipila","Saccharofermentans","Clostridiales.24","Clostridiales.25","Clostridiales.26","Peptococcus.niger","Clostridiales.27","Clostridium_sensu_stricto.cela.et.al.","Clostridium_sensu_stricto","Clostridium_sensu_stricto.1","Firmicutes.7","Clostridiales.28","Clostridium_XlVb","Clostridium_XlVb.lactatifermentans","Clostridium_XlVb.1","Clostridium_XlVb.2","Clostridiales.29","Clostridiales.30","Lachnospiraceae.27","Lachnospiraceae.28","Lachnospiraceae.29","Howardella.ureilytica","Howardella","Anaerostipes.hadrus","Anaerostipes","Lachnospiraceae.30","Lachnospiraceae.31","Lachnospiraceae.32","Clostridium_XlVb.3","Coprococcus","Lachnospiraceae.33","Lachnospiraceae.34","Lachnospiraceae.35","Lachnospiraceae.36","Lachnospiraceae.37","Lachnospiraceae.38","Lachnospiraceae.39","Lachnospiraceae.40","Lachnospiraceae.41","Lachnospiraceae.42","Lachnospiraceae.43","Lachnospiraceae.44","Coprococcus.catus","Lachnospiraceae.45","Lachnospiraceae.46","Lachnospiraceae.47","Lachnospiraceae.48","Lachnospiraceae.49","Lachnospiraceae.50","Fusicatenibacter.saccharivorans","Blautia","Blautia.1","Lachnospiraceae.51","Lachnospiraceae.52","Lachnospiraceae.53","Clostridium_XlVa.aldenense","Clostridium_XlVa.2","Lachnospiraceae.54","Clostridium_XlVa.3","Lachnospiraceae.55","Lachnospiraceae.56","Lachnospiraceae.57","Lachnospiraceae.58","Dorea.formicigenerans","Clostridium_XlVa.symbiosum","Coprococcus.comes","Clostridium_XlVa.4","Clostridium_XlVa.5","Clostridium.glycyrrhizinilyticum","Lachnospiraceae.59","Lachnospiraceae.60","Clostridium_XlVa.bolteae.clost.et.al.","Ruminococcus2","Blautia.2","Lachnospiraceae.61","Lachnospiraceae.62","Ruminococcus2.1","Ruminococcus2.2","Ruminococcus2.3","Lachnospiraceae.63","Blautia.faecis","Blautia.3","Blautia.4","Blautia.5","Blautia.6","Blautia.hansenii.producta","Blautia.obeum","Blautia.obeum.1","Blautia.obeum.wexlerae","Blautia.7","Blautia.8"
"Sample-57",261,30,0,27,1,0,1,0,0,0,0,1,58,0,118,0,2,0,0,0,0,0,0,24,0,0,7,0,0,0,0,7,0,107,149,65,1,0,0,0,0,0,0,0,0,0,0,0,0,0,0,0,0,0,0,9,0,0,0,0,0,0,0,0,0,0,0,0,0,0,0,0,1,5,0,0,0,28,0,0,0,0,5,0,0,7,0,0,0,0,0,0,0,2,0,0,0,0,0,0,8,0,0,0,0,0,0,0,0,0,0,5,0,0,0,0,0,0,0,0,1,1,0,0,8,1,1,2,0,0,0,0,1,0,299,0,0,0,0,0,0,0,0,0,0,0,10,8,0,0,0,0,0,0,0,0,2,0,0,2,0,0,0,0,15,0,0,2,0,0,0,0,0,24,3,3,0,30,0,14,0,2,0,0,0,0,0,0,2,0,0,0,5,0,232,0,0,3,2,0,0,0,0,0,0,0,0,1,0,92,0,0,0,0,0,0,0,0,12,4,0,0,0,0,1,0,0,0,0,0,3,0,0,1,49,0,0,2,0,0,3,0,1,0,0,6,1,3,0,0,0,0,0,0,0,0,0,0,0,0,0,0,3,0,0,0,0,18,0,6,0,0,0,0,0,0,28,0,0,0,0,1,0,0,0,0,98,0,0,4,0,0,0,0,0,0,0,0,1,0,0,0,0,0,2,3,0,0,0,1,0,0,0,0,0,0,0,0,0,0,0,0,0,0,0,0,281,0,5,0,0,0,0,0,41,0,0,0,7,9,0,0,0,0,0,0,0,16,0,0,0,0,0,32,0,0,0,0,1,0,0,0,0,0,0,0,0,0,0,0,0,0,0,0,0,0,0,0,0,0,335,0,28,195,3,0,693,1,0,0,4,0,2096,0,0,0,1,6,0,0,0,0,0,0,0,0,0,0,0,0,0,1,0,1,0,0,0,1,0,0,0,0,1,0,0,0,0,0,0,14,0,0,0,0,0,1,1,0,0,0,0,0,0,0,0,0,0,0,0,0,0,0,0,0,0,0,9,0,0,0,0,0,0,0,10,0,0,71,24,0,1,12,0,0,0,0,0,0,0,91,0,0,0,0,0,0,0,0,0,0,5,0,0,0,0,0,0,0,1,0,20,33,0,0,10,6,0,0,0,0,1,1,0,0,0,41,54,0,19,3,4,0,0,0,74,0,0,0,0,4,0,0,166,0,53
"Sample-60",0,0,0,1,0,0,0,0,0,0,0,1,0,0,0,0,452,0,8,0,0,0,0,1,1,0,0,0,0,0,0,0,0,0,1,1,0,0,0,0,0,0,0,0,0,0,0,0,0,0,2,0,0,0,0,8,0,0,0,0,3,0,2,0,0,2,0,0,0,0,0,0,0,0,0,0,0,2,0,1,1,0,1,1,0,0,0,0,0,0,0,0,0,0,0,0,0,0,0,1,0,0,1,0,0,0,0,0,0,0,0,0,0,0,0,0,0,0,0,0,0,0,0,0,44,0,0,2,0,0,0,4,0,0,1,0,0,0,0,8,0,0,0,0,0,0,8,0,0,0,0,0,0,0,0,0,0,14,0,0,0,0,0,2,36,0,0,1,0,0,0,0,0,1,0,12,0,1,0,33,0,5,0,0,1,0,0,0,8,0,0,0,56,0,41,0,15,1,4,0,0,0,0,0,0,0,0,0,0,0,0,0,0,0,3,0,0,0,36,249,0,0,2,0,33,0,0,0,0,0,3,0,0,107,127,0,0,76,0,0,1,12,1,0,0,39,9,27,0,0,0,0,0,0,3,0,0,0,0,0,0,0,12,0,0,0,0,0,15,0,0,0,0,0,0,0,2,0,0,0,0,1278,0,2,1,2,0,0,0,0,0,0,0,0,0,2,0,45,9,1,0,0,59,0,32,0,0,0,0,48,0,0,247,0,1,2,0,12,0,0,0,2,2,0,0,12,5,1,0,0,0,3,1,0,21,0,0,0,8,4,0,0,0,0,33,0,0,76,0,1,2,0,3,155,60,93,0,0,20,0,43,0,5,2,8,0,0,0,0,0,1,0,0,0,0,1,4,3,0,0,6,0,0,6,0,157,12,6,0,0,2,1,2771,0,0,0,783,12,0,6,0,2,2,0,55,0,0,0,5,0,0,2,0,0,0,0,0,0,0,0,0,0,0,0,0,0,0,2,0,3,2,1,0,0,0,147,19,0,0,8,0,0,2,0,0,1,1,0,3,0,1,0,0,0,1,0,0,0,0,0,0,0,0,0,0,0,1,0,0,0,0,1,0,0,0,0,0,0,3,0,3,1,0,0,0,0,0,0,0,0,0,0,0,0,0,0,0,0,0,0,0,0,0,0,0,0,0,1,4,1,134,0,0,0,0,9,0,0,0,5,15,0,0,0,1,0,0,0,0,0,0,0,3,0,0
"Sample-62",0,1,0,0,0,0,1,0,0,3,0,0,0,2,0,0,3,1,1,1,0,0,0,1,0,0,3,1,0,0,0,0,0,0,24,6,0,0,0,0,0,0,1,0,0,1,0,7,0,0,27,7,4,0,0,11,0,0,0,0,0,0,0,17,0,25,7,0,0,0,0,1,0,4,0,2,0,7,0,0,0,0,0,0,0,0,0,0,0,10,0,6,0,0,1,2,0,0,0,0,0,0,5,0,0,0,0,0,1,0,0,0,2,1,0,1,0,1,0,0,0,0,0,0,8,13,1,0,0,0,0,27,77,0,0,0,0,0,0,4,0,0,2,12,0,0,42,0,0,0,0,0,0,0,0,0,0,0,0,0,0,1,1,0,22,0,0,0,0,0,0,0,0,0,0,5,0,0,0,0,0,0,0,702,2096,0,2,0,0,0,0,0,33,0,138,0,0,0,36,0,0,17,0,0,0,33,0,0,0,18,0,0,0,1,0,0,0,53,7,424,0,0,1,0,5,0,0,0,0,0,60,0,0,0,1,1,0,0,0,0,10,0,0,0,0,145,10,144,0,0,0,0,0,0,0,0,1,0,0,0,6,1,0,0,0,0,0,202,0,0,0,0,0,0,0,16,36,0,0,0,0,279,0,0,0,0,0,0,0,10,0,0,0,0,0,0,0,1,113,0,1,0,0,567,0,4,0,0,0,31,0,1,8,5,0,2,2,0,0,0,0,0,0,0,0,0,2,8,0,0,0,0,0,0,17,0,0,0,3,3,0,0,0,0,0,0,0,1,1,696,313,268,73,303,0,0,0,1,2,0,0,0,0,0,0,0,0,0,0,0,0,0,0,1,0,3,156,0,2,0,4,0,2,34,11,1,15,29,0,1,642,5,3,0,0,17,0,1,8,0,0,1,0,0,0,0,0,0,8,0,0,0,0,2,0,0,0,0,0,0,0,0,0,0,0,0,0,0,1,1,5,0,109,0,0,36,0,0,0,16,0,3,1,16,0,0,0,0,0,0,0,0,0,0,0,0,0,0,13,0,0,3,1,0,0,2,1,2,0,0,0,0,0,0,1,4,4,10,5,0,13,0,0,0,0,2,8,0,0,0,0,1,0,1,0,0,1,0,0,1,0,0,0,1,0,0,0,5,0,0,0,4,0,0,0,3,0,0,0,0,4,3,0,0,9,0,0,0,0,0,8,1,7,0,2
"Sample-63",22,2,0,1,3,0,2,1,0,0,0,18,0,0,1,0,2,0,7,0,0,0,0,1,0,0,60,0,0,0,0,0,1,0,1,0,4,0,0,0,0,0,0,0,0,0,0,0,0,0,0,0,0,0,0,28,0,2,0,1,0,0,0,0,0,2,0,7,0,1,0,0,0,5,0,0,0,6,0,3,7,0,0,3,0,4,0,0,0,0,0,0,0,2,0,0,0,0,0,0,0,0,0,0,0,0,0,0,0,0,0,0,2,0,0,2,0,0,0,2,1,0,3,0,3,2,671,0,0,0,0,37,0,0,0,0,0,0,0,163,0,0,0,0,0,0,3,0,0,0,0,0,0,10,0,3,0,0,2,0,0,267,0,12,990,7,0,0,0,2,0,0,0,0,0,0,0,0,0,70,10,0,0,0,0,1,0,0,0,0,0,50,53,32,426,0,0,18,2,0,14,0,8,10,0,0,0,0,0,0,0,0,0,0,0,0,0,0,40,1,0,0,2,0,0,0,0,0,0,0,22,0,0,0,3,4,0,10,0,0,0,0,4,0,0,56,2,30,0,5,0,0,0,0,0,0,0,0,0,0,0,0,5,0,0,0,0,60,0,0,0,0,0,0,0,0,0,1,0,0,0,976,0,0,0,0,374,0,0,0,0,0,0,0,0,0,0,1,0,0,0,2,0,1,0,0,0,0,0,153,30,109,0,0,0,0,0,0,0,0,70,0,0,0,4,0,41,1,3,0,0,0,2,0,18,0,0,0,0,0,0,0,0,0,171,0,52,216,0,268,205,0,0,68,0,33,0,0,22,2,0,0,0,0,0,0,1,0,0,3,1,39,0,236,35,0,143,0,1,0,0,2,0,52,99,1,24,0,0,1,637,0,5,0,0,0,145,0,0,83,39,42,104,0,0,0,0,0,0,0,0,0,0,1,1,0,2,0,0,1,2,0,0,0,0,2,0,0,0,0,0,0,25,47,0,28,26,0,0,28,0,0,2,11,0,0,0,0,0,0,0,0,0,0,0,0,0,29,0,0,0,0,0,0,0,0,3,20,21,0,7,4,2,0,0,0,0,0,0,7,1,0,0,0,0,0,0,0,0,0,3,2,0,39,0,0,0,0,0,0,2,10,2,0,0,0,0,12,7,1,0,0,3,0,0,0,1,1,8,5,81,12,9,1,116,0,0,0,0,1,117,3,307,21,50
"Sample-66",0,2,0,5,0,0,0,1,0,1,0,4,0,0,0,8,0,1,0,12,0,0,2,0,4,0,0,0,0,0,0,0,0,0,9,0,0,0,0,0,0,0,0,0,0,0,0,0,0,0,12,0,0,0,1,6,0,0,0,0,0,0,0,0,0,0,0,4,0,1,0,0,0,0,0,0,0,0,0,0,2,0,0,0,0,0,0,0,0,1,0,0,0,0,0,0,0,0,0,0,0,0,0,0,0,0,0,1,0,0,0,0,0,0,0,0,0,0,0,0,0,0,0,0,1,6,0,0,0,0,0,15,0,0,17,5,0,0,0,33,0,0,0,0,0,2,3,0,0,0,0,0,0,0,2,0,0,0,1,6,0,0,0,0,1,0,0,0,116,0,0,0,0,0,0,0,0,0,2,0,0,0,268,0,0,2,0,0,0,11,9,146,173,0,4,0,0,5,15,10,0,0,0,1,0,43,0,0,0,0,4,0,0,0,0,0,13,0,134,1816,0,4,6,22,115,2,5,8,3,4,87,4,0,2,1529,0,1,98,0,0,46,2,0,0,1,380,65,131,0,0,6,0,0,0,0,5,0,0,0,7,0,0,55,0,0,0,0,0,27,1,1,0,0,0,0,0,31,0,0,0,0,8,0,0,0,0,1,0,0,6,0,0,0,38,32,87,1,711,0,0,0,0,0,16,271,0,0,0,0,0,4,0,27,3,0,1,0,11,0,0,0,0,0,8,0,35,0,0,8,34,1,0,0,0,19,0,0,0,0,0,2,0,0,0,2,0,0,0,0,365,0,0,0,9,0,6,0,0,55,18,36,1,3,0,346,0,1,1,0,0,0,0,0,0,0,0,0,90,2,0,24,0,22,0,0,129,25,0,0,0,0,0,259,0,0,0,1,0,18,0,0,1,34,0,131,0,0,0,0,5,0,0,0,0,0,0,0,0,0,2,0,0,0,0,0,0,0,0,0,3,1,0,0,0,0,56,2,0,0,0,0,0,0,21,2,0,0,0,0,3,0,0,0,0,0,1,2,0,13,0,0,0,0,0,0,0,1,3,0,0,0,0,0,0,0,2,0,1,0,0,0,0,0,0,0,0,0,0,0,0,0,0,1,1,0,0,0,0,0,0,1,0,1,0,0,0,0,5,5,0,3,1,0,0,0,7,0,0,0,2,1,1,0,0,4,0,0,0,0,0,2,0,2,0,0
"Sample-67",2,7,4,19,1,1,0,0,3,1,0,6,3,2,1,0,3,5,0,1,0,1,14,16,0,0,19,1,0,4,0,0,0,4,2,114,0,1,1,0,0,0,3,0,0,0,0,2,1,0,6,5,0,8,8,156,6,0,0,13,0,0,0,0,1,1,3,11,2,0,0,0,1,6,0,0,29,194,2,2,0,4,2,0,0,3,3,0,0,4,0,0,0,3,0,2,0,3,1,2,0,0,1,0,0,0,0,7,0,1,0,0,13,9,0,0,0,0,1,1,0,1,1,1,82,13,0,0,7,0,1,138,75,0,80,0,0,0,18,30,0,0,0,8,1,0,51,1,1,0,0,2,1,8,0,3,0,0,0,0,0,23,0,0,44,11,0,0,15,0,0,0,0,8,0,1,0,0,0,31,12,0,0,0,0,1,0,0,0,0,9,0,16,0,72,0,1,0,7,0,5,0,7,3,7,86,0,0,0,8,0,13,4,0,2,0,0,0,8,3,0,0,2,0,4,3,0,0,0,0,26,0,0,0,40,0,0,0,0,0,7,0,0,0,0,15,4,22,4,7,0,2,13,7,0,0,0,0,0,0,1,1,9,0,0,2,1,105,0,3,0,0,11,0,0,0,85,0,0,1,0,22,0,0,0,9,452,67,0,11,0,4,0,0,0,0,0,1,1,0,12,4,25,0,0,19,50,0,0,198,0,51,73,0,0,0,0,0,0,0,0,6,0,0,0,0,0,4,1,0,0,4,4,1,20,1,0,14,0,13,0,0,1,0,193,50,0,402,1,258,781,1,0,46,0,2,0,0,1,0,2,1,0,1,13,23,129,0,0,0,0,0,0,0,0,0,0,38,0,0,0,0,13,0,3,185,9,174,0,0,1,0,1493,24,0,0,5,3,0,0,0,60,4,0,27,0,0,0,19,0,0,0,0,11,0,0,4,2,1,1,0,0,0,0,0,0,0,0,1,10,53,0,12,7,0,5,3,0,0,8,0,0,0,0,0,9,0,0,1,3,0,0,0,0,0,0,0,0,0,1,3,0,0,0,1,0,1,4,0,1,0,1,0,0,0,0,0,0,3,0,0,4,0,0,1,1,27,0,0,0,0,7,4,2,0,0,0,0,2,1,67,0,0,1,1,1,0,78,0,4,0,6,56,0,0,0,0,0,1,0,1128,18,0,7,98,0,1,0,3,0,22,2,49,1,14
"Sample-72",0,17,0,83,0,1,3,0,2,0,0,2,1,0,5,0,3,0,0,0,0,0,0,323,0,6,18,0,0,0,1,15,1,139,522,64,7,47,0,0,1,0,0,0,0,0,0,1,0,0,4,0,0,0,0,7,0,1,0,0,0,0,0,0,0,0,0,3,0,0,0,0,0,2,0,0,0,8,0,3,0,0,1,0,0,1,0,0,0,0,0,0,0,0,0,0,0,0,0,0,0,0,0,0,0,0,0,0,0,1,0,0,1,39,0,0,0,0,2,0,0,0,0,1,2,492,0,0,0,0,0,122,2,134,663,1,2,0,0,30,20,0,0,211,0,0,2,39,0,0,0,0,0,3,1,20,0,0,0,8,0,10,0,0,13,8,2,1,4,0,0,0,0,0,0,0,6,0,0,1,0,0,0,0,252,36,0,0,0,1,9,18,56,0,1,2,14,0,9,1,0,0,3,5,10,54,0,0,0,1,0,4,0,0,2,0,10,1,102,23,5,0,3,8,18,7,0,1,0,2,11,1,0,0,109,24,0,11,1,0,38,0,3,0,5,84,6,30,19,37,3,0,18,12,0,0,0,0,0,0,3,2,10,0,0,0,49,0,103,1,0,0,0,0,0,0,2,0,1,1,7,10,0,0,68,16,18,0,0,1,0,6,0,0,0,2,0,4,1,0,38,16,24,22,0,25,33,0,0,34,0,0,37,57,18,0,0,0,4,0,0,0,8,1,0,1,3,0,1,0,0,0,0,0,1,0,0,0,0,0,0,0,0,0,16,1,11,70,0,119,0,0,1,147,66,151,0,1,4,0,0,2,1,2,21,0,3,0,0,2,0,0,0,0,0,0,1,106,0,0,0,30,66,2,0,1,8,59,0,0,192,0,4,0,0,0,17,0,0,0,0,264,20,1,43,0,0,0,5,9,0,5,0,6,0,0,0,1,0,6,0,4,0,21,0,3,0,0,0,22,2,149,0,0,0,8,5,0,1,5,0,1,0,4,2,3,0,0,0,5,0,0,8,0,0,0,0,0,0,0,0,0,0,49,0,0,3,269,41,0,0,47,26,0,1,0,0,1,240,0,0,0,6,2,0,0,0,0,0,0,3,15,10,165,5,3,0,1,0,0,3,10,0,0,0,0,0,98,2,0,2,1,0,0,2,2,99,1,0,1,3,51,24,0,32,0,2,9,0,9,13,8,164,0,390
"Sample-73",2,3,2,15,5,0,2,0,2,4,0,8,0,307,0,0,0,0,0,0,0,1,0,110,1,0,1,3,0,14,0,0,10,74,40,56,18,0,18,0,7,0,0,0,0,1,0,5,2,0,20,3,3,13,6,14,1,2,0,0,0,0,3,0,0,58,9,9,0,0,2,0,0,4,0,0,0,4,0,0,0,0,0,0,1,0,0,0,0,0,35,0,0,9,0,0,0,0,0,0,0,0,0,142,0,0,0,0,0,0,0,0,0,21,34,0,1,0,0,2,0,0,0,1,2,1,0,0,72,1,0,114,438,0,265,0,1,0,38,54,0,17,0,15,1,0,0,0,0,0,0,0,0,0,0,0,4,0,0,0,0,0,0,0,2,38,4,1,1,0,0,8,3,0,0,0,12,0,1,1,0,0,0,0,0,0,0,0,0,0,0,0,0,0,0,0,0,1,0,0,0,0,0,0,0,0,0,190,3,0,0,74,0,0,0,0,0,0,1,0,0,0,0,0,0,0,0,0,0,0,1,0,0,0,23,0,0,0,0,0,0,0,0,0,0,0,1,0,0,0,0,0,0,0,0,0,0,0,0,0,10,5,0,0,2,0,0,0,0,10,0,0,1,21,3,0,2,0,0,0,1,22,0,0,10,0,13,2,0,4,0,0,1,0,0,0,0,0,0,0,2,0,0,0,2,0,0,0,0,27,0,0,26,21,0,1,0,0,0,0,0,0,1,0,0,65,0,2,9,11,0,0,1,0,11,0,0,4,1,2,11,0,0,3,0,0,0,15,0,16,3,0,0,5,0,2,0,0,1,0,0,0,0,0,0,0,1640,1043,201,1890,51,3,0,13,0,0,18,20,0,0,11,0,15,6,0,1,30,0,6,1,135,0,8,48,0,0,4,4,1,0,0,0,0,0,0,8,17,0,0,0,0,0,0,0,16,0,0,0,3,0,0,0,0,0,0,0,0,0,0,3,31,73,0,0,0,1,0,0,0,0,1,0,0,0,0,0,0,0,0,0,0,0,1,0,0,0,0,0,10,0,11,0,0,0,0,7,0,20,1,3,21,3,0,7,153,49,0,40,9,0,0,19,0,0,0,0,6,3,0,18,0,12,42,24,0,5,10,1,0,0,0,0,0,7,7,5,2,24,0,34,0,0,0,7,2,1,0,0,0,0,2,56,0,20,59,10,0,1,7,0,104,2,217,41,55
"Sample-75",0,0,0,0,0,0,0,0,0,0,0,0,0,0,0,3,0,0,0,0,0,0,0,0,0,0,0,0,0,0,0,0,0,2,1,0,0,0,0,0,0,0,0,0,0,0,0,0,0,0,0,0,0,0,0,0,0,0,0,0,0,0,0,0,0,0,0,0,0,0,0,0,0,0,0,0,0,2,0,0,0,0,0,0,0,0,0,0,0,0,0,0,0,0,0,0,0,0,0,0,0,0,0,0,0,0,0,0,0,0,0,0,0,0,1,0,0,0,0,1,0,0,0,0,109,0,0,0,0,0,0,4,2,0,3,0,0,0,0,7,4,0,0,3,0,0,6,0,0,0,0,0,0,0,368,5,23,169,2,0,0,0,0,0,10,4,11,4261,38,0,0,0,0,0,3,0,0,0,23,3,0,2,9,0,0,2,4,0,15,3,0,0,0,0,0,0,0,0,7,0,0,4,7,1,10,0,0,0,0,0,0,1,0,0,0,0,0,0,60,4,0,0,2,1,0,0,0,1,0,0,1,4,0,0,8,44,1389,0,0,0,0,0,0,2,0,23,19,0,0,0,0,0,0,0,0,0,0,0,0,1,0,0,0,0,0,0,0,9,265,1,0,0,0,0,0,0,0,0,0,53,59,511,0,0,2,0,5,0,0,0,0,0,0,0,0,0,0,2,1,0,0,0,0,0,0,0,0,0,0,16,4,0,1,5,0,0,0,0,0,0,0,0,0,0,0,0,2,0,0,0,0,0,0,0,0,0,0,0,0,1,0,0,0,0,1,0,0,7,0,28,21,0,0,3,0,0,1,0,3,0,0,0,0,0,1,0,0,0,0,0,0,0,0,0,0,0,0,1,0,1,0,0,0,0,0,0,1,0,0,0,177,0,2,0,2,0,31,1,0,0,0,1,3,1,0,0,3,0,0,0,1,0,0,0,0,0,0,0,0,8,0,1,0,0,0,0,0,1,0,1,0,0,0,0,0,0,0,0,0,0,8,1,1,1,0,0,0,0,0,0,0,0,0,0,0,0,0,0,0,0,0,0,0,0,0,0,0,0,0,0,0,0,0,0,0,0,0,0,0,0,0,0,0,0,0,0,0,0,0,2,0,3,0,0,0,0,0,0,1,0,0,0,0,0,0,0,0,3,0,0,0,0,0,0,0,0,1,0,0,0,0,0,0,0,3,0,0,0,1,0,2,0,1,0,2
"Sample-76",3,0,0,2,0,1,0,22,0,0,0,32,2,32,15,0,1,0,0,7,0,1,2,48,0,4,2,1,0,0,1,4,47,125,95,40,1,0,5,0,0,0,0,0,0,0,0,2,1,0,6,1,7,6,2,12,0,1,0,0,25,0,2,0,0,0,0,0,0,0,0,0,0,2,0,18,0,45,1,0,5,0,0,9,6,4,0,0,0,164,0,0,30,5,1,0,1,1,2,1,0,0,0,26,0,0,1,0,3,2,1,10,7,10,1,0,5,1,0,2,0,0,0,0,22,176,0,1,0,0,0,155,51,0,455,48,0,0,0,120,0,0,0,339,0,3,0,0,0,4,11,0,1,0,0,0,1,1,0,0,0,0,0,0,0,10,3,0,4,12,0,0,0,1,0,0,1,0,0,0,0,0,0,0,0,0,0,0,0,0,0,0,8,1,110,0,0,12,0,0,0,0,2,0,1,0,0,0,0,0,0,33,0,0,0,0,0,0,35,0,0,0,0,0,2,0,0,0,0,0,45,0,0,0,1,0,2,0,0,0,1,0,10,0,0,21,0,16,0,0,0,0,0,0,3,0,0,0,2,0,6,1,0,0,0,0,3,0,0,3,0,0,0,0,0,0,21,0,217,0,0,56,0,0,0,0,0,0,33,0,0,0,0,0,0,0,0,1,0,0,1,0,0,0,0,0,0,0,0,1,13,0,154,0,0,3,0,66,0,0,0,0,0,0,35,246,0,13,9,1,0,3,1,0,11,28,1,3,0,2,0,0,0,0,0,0,0,211,0,12,2,0,0,1,0,0,0,0,0,0,0,0,0,0,0,0,0,1,0,0,70,0,0,0,0,6,0,490,0,0,10,31,23,24,0,340,48,1,0,0,0,1,1578,0,0,0,40,1,0,47,0,1,0,0,0,0,0,0,0,0,14,0,0,0,0,5,0,7,0,0,0,1,0,0,0,0,0,0,0,65,1,2,1,0,1,0,5,0,0,0,1,1,0,0,0,0,6,0,0,0,0,0,0,0,0,5,0,9,1,0,0,3,9,31,0,0,0,34,14,1,0,15,23,0,20,0,0,1,205,22,5,51,2,2,0,0,19,0,2,9,0,6,15,53,3,2,7,0,0,0,0,1,1,1,2,0,1,14,0,28,1,0,5,0,4,2,66,0,1,1,141,20,0,48,65,0,3,0,0,0,44,5,381,0,95
"Sample-78",0,0,0,1,0,0,6,0,0,0,1,0,0,0,1,0,10,0,0,0,0,0,0,7,1,0,15,0,0,0,0,0,0,3,1,0,0,0,0,1,2,0,0,0,1,3,1,1,2,0,3,0,0,0,1,0,0,0,0,5,9,0,0,0,1,3,1,0,0,0,1,0,0,0,0,2,4,0,0,0,0,0,0,0,0,2,1,0,3,3,0,1,2,0,0,0,0,0,1,0,0,0,0,6,0,0,0,13,0,0,0,0,0,2,0,0,1,0,0,0,0,0,0,0,0,33,0,0,0,0,0,5,5,0,5,0,0,0,1,9,0,0,0,9,0,0,0,1,0,0,0,0,0,0,3,1,0,0,0,42,5,1,0,1,3,9,0,1,3,0,0,0,0,0,0,2,3,0,0,1,0,0,0,1,5,0,0,0,9,0,0,0,14,0,28,1,0,0,0,0,0,0,0,0,0,8,0,0,0,0,0,0,0,0,0,0,1,2,268,14,0,0,38,40,8,0,10,3,1,0,48,28,1,15,21,0,4,81,0,0,2,2,68,0,2,25,106,48,0,0,3,0,0,0,1,0,0,0,0,0,1,0,2,0,0,0,1,2,0,6,0,1,0,0,0,0,0,0,1,0,2,21,0,1,0,0,2,0,1,0,0,0,0,11,0,1,0,19,7,0,0,1,1,1,2,3,0,0,1,5,0,0,5,0,0,0,0,0,0,0,0,0,0,0,0,2,0,1,0,0,0,0,0,0,0,0,0,0,0,0,0,0,0,0,8,4,11,2,0,2,0,0,0,47,29,34,0,0,2,0,0,1,0,0,5,3,13,1,0,1,1,0,0,0,0,0,1,3,0,0,0,0,0,0,0,1,1,5,0,0,0,0,35,1,0,0,6,0,0,3,0,1,2,0,5,0,0,2,1,1,0,1,2,0,0,0,0,0,0,22,26,3,0,43,28,23,0,1,0,26,41,1,0,0,0,24,57,0,1,8,0,18,31,5,7,0,0,0,2,0,0,0,1,0,0,0,0,0,0,0,0,0,0,0,0,0,0,11,2,1,0,2,1,1,0,0,1,1,2,0,0,4,0,0,0,0,3,0,0,1,0,1,0,19,3,0,1,1,0,0,0,0,1,0,0,0,0,3,0,6,0,0,0,0,1,0,4,0,0,0,6,5,0,5,9,0,0,0,0,0,6,1,13,0,41
"Sample-81",2,1,0,3,0,1,2,0,0,0,0,8,0,2,4,0,0,0,0,0,0,1,0,8,1,0,0,0,4,0,0,0,0,2,9,5,0,2,0,0,4,0,0,0,0,0,0,1,0,1,6,0,0,0,0,5,0,0,0,0,0,0,0,3,0,16,9,4,0,0,0,0,0,0,0,0,0,7,1,0,0,1,0,0,0,0,0,0,0,0,0,0,9,0,0,0,1,0,0,0,1,0,2,4,0,7,0,0,0,0,0,2,0,0,0,0,0,0,0,1,0,0,0,0,2,21,0,0,4,0,7,1,11,0,14,0,0,0,0,12,0,2,0,8,0,0,41,0,0,0,2,0,0,0,38,0,0,0,0,11,0,0,74,0,38,3,0,0,1,2,40,0,0,0,0,0,0,0,0,201,0,0,0,0,0,0,0,0,0,4,0,1,17,26,231,0,1,0,0,18,0,0,0,0,0,5,5,0,0,29,0,1,0,0,1,0,38,0,170,91,27,36,15,5,11,0,22,1,18,0,58,0,30,24,500,0,2,1,60,14,61,27,6,5,8,209,64,66,3,234,8,5,0,0,0,2,1,0,1,0,2,1,85,1,0,0,0,29,59,0,2,0,0,0,0,13,0,0,0,0,0,46,0,0,19,0,35,2,0,0,0,7,106,95,2,70,0,14,2,27,33,0,0,85,0,44,0,1,0,10,0,0,9,0,0,1,0,0,0,0,0,0,0,0,0,12,4,0,4,0,0,0,1,0,4,0,0,0,2,0,0,0,1,0,277,0,225,193,1,692,1,0,0,3,0,2,0,0,46,0,2,0,9,6,0,0,20,0,5,0,0,0,1,0,0,0,5,0,0,3,0,0,6,1,0,4,6,0,7,4,32,0,0,0,0,0,7,1,0,0,0,3,45,25,392,0,7,0,0,0,2,2,0,0,0,0,0,0,0,0,0,2,16,33,82,20,0,0,3,0,9,2,0,0,0,52,1,52,13,0,0,0,0,11,1,0,0,0,0,0,0,0,0,0,0,0,0,0,3,0,0,0,0,0,0,0,0,3,1,0,0,11,0,0,18,1,0,1,2,5,1,0,0,0,0,0,3,1,1,0,0,0,2,1,2,1,1,1,0,0,0,0,0,0,0,1,0,9,0,7,0,2,1,0,0,0,0,0,0,0,5,2,0,1,3,2,0,0,0,0,0,1,10,0,14
"Sample-82",13,7,0,50,18,27,0,0,2,0,2,37,1,0,1,73,0,0,0,0,0,0,0,40,0,0,6,0,0,0,0,0,18,83,226,3,0,9,0,0,0,0,0,0,0,0,0,0,0,0,3,1,5,0,1,13,0,0,0,2,0,2,1,0,0,0,0,2,0,0,0,0,0,1,0,0,0,14,0,0,5,0,0,1,0,7,0,0,0,0,1,0,0,0,0,0,0,0,2,0,0,2,0,0,0,0,0,0,0,0,0,4,18,3,8,0,0,0,0,1,0,0,0,0,85,1,0,2,62,0,0,9,59,0,252,5,0,1,24,58,0,0,0,19,0,0,22,2,0,0,0,0,3,0,0,0,0,0,0,1,3,0,0,0,11,2,1,0,2,2,0,0,10,0,0,6,2,0,5,1,0,0,0,0,0,0,1,0,2,0,2,0,5,0,0,0,0,1,0,0,3,0,0,0,0,0,0,0,0,0,1,5,0,0,0,0,0,0,14,0,0,0,2,0,3,0,0,0,0,0,3,0,0,0,8,7,0,1,0,0,1,0,0,0,0,6,9,4,0,0,0,0,0,0,2,0,0,0,0,0,1,0,1,0,0,0,1,1,0,3,0,1,0,0,0,3,0,2,0,0,0,762,0,0,20,0,157,0,0,3,1,0,0,0,0,2,0,1,0,0,0,0,0,0,0,1,0,0,0,66,73,0,1,0,0,0,0,0,0,2,0,0,0,0,0,1,1,1,0,0,0,1,0,0,0,0,2,0,0,0,0,0,0,0,0,0,0,13,0,19,0,0,0,3,0,3,0,0,1,0,0,0,0,0,0,0,0,0,0,0,0,0,0,0,0,0,1,0,0,0,6,0,30,0,0,101,11,42,0,0,429,3,471,0,1,0,8,0,1,0,0,46,2,0,6,1,55,0,0,0,0,2,4,3,3,0,0,0,0,2,12,1,0,0,1,0,1,1,0,54,156,1140,0,0,0,1,0,5,0,2,0,0,0,0,0,0,0,0,0,0,0,2,0,1,0,1,0,0,2,0,1,0,0,6,0,0,0,58,7,0,0,11,2,0,0,0,0,0,30,2,0,74,0,0,0,0,47,0,0,20,0,2,5,276,0,2,5,0,0,0,0,0,0,1,0,0,0,74,15,34,0,0,0,5,0,6,0,0,0,1,7,52,58,19,27,0,0,0,0,0,5,2,131,0,158
"Sample-84",1,0,0,4,0,0,1,0,3,1,3,3,0,21,9,0,5,0,0,0,1,0,0,21,3,0,0,0,0,2,0,0,8,6,44,64,1,0,3,0,9,5,0,0,2,4,0,8,0,1,3,11,0,4,0,1,2,0,1,1,0,12,2,0,0,28,4,0,0,0,0,0,0,1,3,0,0,5,0,0,0,5,0,0,0,0,0,0,0,2,0,0,9,0,0,0,0,0,0,0,1,2,0,9,0,0,3,0,0,0,0,2,0,1,0,0,0,0,0,1,0,0,0,1,13,127,44,1,17,0,0,34,45,3,109,0,0,1,7,11,0,13,0,75,0,2,6,0,17,1,10,0,0,0,29,0,0,0,0,0,0,0,0,0,0,1,0,0,629,0,0,1,0,0,0,0,2,0,0,21,3,0,0,0,1,0,0,1,1,0,0,4,8,0,0,0,0,0,5,0,2,0,0,0,0,0,0,34,0,0,0,15,0,0,5,4,0,0,65,0,0,0,0,12,0,0,1,2,0,0,106,7,0,0,1,491,0,2,0,0,6,0,0,0,1,113,2,5,0,31,0,0,0,0,0,0,0,0,0,0,1,1,11,0,1,0,0,84,0,4,2,2,0,0,0,0,7,0,0,0,0,558,0,0,2,0,5,0,123,0,1,0,0,0,0,0,0,0,0,0,0,0,0,0,7,1,0,0,0,55,26,13,1,0,0,1,1,19,0,0,0,0,0,0,1,55,0,4,4,5,0,1,1,1,0,0,1,0,3,3,0,0,0,0,1,0,0,86,0,135,422,38,0,51,0,0,0,1,0,0,0,0,0,0,3,0,67,53,225,0,1,3,0,0,0,0,8,17,0,0,1,0,4,44,1,0,33,70,46,44,449,0,790,0,0,0,762,6,2,0,0,1,1,0,0,0,39,1,0,0,8,0,0,0,1,0,0,1,0,3,0,0,0,0,0,0,0,0,0,19,114,1,0,0,0,0,1,0,0,24,0,0,0,0,0,0,0,0,0,0,0,26,0,27,0,0,0,1,5,0,3,0,0,3,0,0,4,7,1,0,2,2,0,2,2,17,0,14,29,1,1,32,1,0,1,0,10,0,1,7,0,7,7,9,3,0,2,0,1,0,0,0,0,2,0,0,0,10,0,27,0,0,0,0,1,0,5,0,0,0,8,23,1,6,17,0,5,0,1,0,45,3,43,0,32
"Sample-86",2,1,0,9,0,0,6,0,6,4,7,8,0,3,0,206,0,0,0,0,0,10,1,66,11,1,1,4,1,22,0,2,0,35,34,19,4,0,2,0,2,6,1,0,0,1,0,38,3,0,9,27,1,5,4,4,0,0,0,154,0,123,6,7,5,157,11,0,0,0,2,1,0,3,7,0,0,7,0,10,0,4,0,2,0,0,0,2,0,0,0,0,1,4,1,6,0,2,1,0,0,2,0,37,0,71,7,0,0,0,0,6,0,2,0,0,0,0,1,4,0,0,0,0,0,160,35,1,21,0,2,49,215,0,48,0,1,0,1,25,0,1,7,8,0,0,6,0,0,7,0,0,23,0,0,0,15,0,0,0,0,0,0,0,1,1,0,0,34,0,2,2,0,0,0,2,0,0,16,9,0,0,0,0,3,1,0,8,0,0,0,0,8,1,0,2,4,0,0,1,1,0,0,0,0,0,1,136,42,4,0,6,24,0,2,0,1,0,69,83,13,2,0,0,16,1,0,0,0,3,10,1,1,0,294,0,0,7,31,4,14,6,0,0,1,35,18,2,0,48,3,2,0,73,2,0,0,11,0,0,15,1,40,3,5,2,1,19,0,11,0,0,0,0,23,0,2,0,0,0,0,118,0,0,0,0,56,0,0,20,0,3,0,20,0,23,0,23,0,26,214,1,0,9,2,22,15,1,0,24,3,0,11,0,0,0,0,0,0,0,0,0,0,0,0,1,0,13,23,0,1,0,0,0,13,0,0,5,2,11,0,0,8,3,114,0,0,10,0,31,0,2,0,11,0,6,0,0,94,57,0,0,0,0,13,26,769,484,1,0,0,0,0,1,0,0,0,5,0,0,1,0,0,2,0,0,1,0,0,0,25,0,400,2,1,0,2,0,0,0,0,0,8,0,26,4,12,0,2,0,2,0,2,0,2,0,2,2,1,1,1,0,8,8,2,7,7,0,0,1,20,0,6,4,0,12,0,0,1,0,0,0,0,7,1,0,0,0,0,3,0,9,3,12,1,0,0,0,30,0,4,0,5,0,0,11,0,2,1,2,5,15,0,233,1,19,23,10,1,2,3,22,0,0,12,0,19,1,0,0,0,2,4,18,4,1,3,0,1,0,0,0,0,4,1,1,0,55,0,8,0,0,0,9,1,4,0,0,0,0,5,44,0,21,6,1,0,1,2,0,15,11,105,0,52
"Sample-87",1,2,0,15,1,0,2,11,5,0,0,0,5,22,0,2,0,6,0,0,0,1,1,141,17,0,0,0,0,0,0,0,0,0,0,11,7,3,0,0,0,3,0,0,0,1,8,5,0,0,0,0,0,5,2,11,0,1,2,51,2,0,0,0,0,5,96,1,0,0,1,0,0,6,0,0,0,17,0,2,0,4,1,16,0,0,0,0,0,32,0,0,0,0,0,0,11,0,1,0,0,0,0,0,0,25,0,0,0,0,1,0,1,0,1,0,0,0,1,0,0,0,0,2,7,32,0,1,18,1,0,92,45,0,56,0,0,0,0,0,0,0,0,24,0,0,2,0,0,0,0,1,0,0,0,18,0,0,0,3,1,0,0,0,2,20,0,0,2,0,1,0,0,0,0,0,0,1,0,45,12,0,0,0,1,0,0,0,0,0,0,2,37,0,0,0,0,15,1,1,0,0,0,0,0,60,3,0,1,0,0,0,0,4,2,0,17,0,49,245,22,4,0,3,12,0,1,0,0,10,123,0,0,0,2,2,0,23,0,1,21,0,2,0,1,54,28,46,0,208,3,0,69,0,1,2,0,4,0,3,15,0,66,22,0,1,0,59,0,1,0,0,0,0,0,0,17,0,0,0,0,181,0,0,11,5,187,38,0,1,0,0,0,2,0,11,0,0,9,28,23,0,0,2,0,165,95,0,0,15,1,13,33,0,7,0,0,0,0,36,1,0,0,0,0,107,0,10,0,8,0,0,2,2,35,0,2,2,0,1,0,0,7,0,890,0,1,9,0,4,7,0,0,71,0,0,211,2,12,0,0,0,2,2,0,0,9,1,0,0,0,0,0,24,15,1,714,54,2,0,0,0,4,22,58,1,31,22,0,0,296,0,3,0,0,0,92,2,0,0,19,170,33,0,479,0,21,0,0,1,0,0,0,12,0,0,0,0,0,5,4,11,12,1,17,7,9,0,2,9,146,92,1,1,3,1,6,0,0,20,0,0,0,1,0,0,0,2,0,5,0,1,0,1,0,1,3,0,75,0,0,0,2,0,0,0,9,58,5,0,1,6,0,0,0,1,0,23,3,0,0,25,0,0,0,0,20,0,0,0,0,0,0,4,0,0,0,0,0,1,1,0,3,0,0,0,1,31,1,55,0,1,2,0,4,7,0,0,1,0,0,17,0,0,0,0,0,0,0,2,0,0,107,0,2
"Sample-89",9,7,0,0,0,0,0,0,0,0,6,87,0,18,51,1,0,4,0,2,2,4,6,84,26,0,25,4,0,2,0,0,1,0,650,117,8,24,0,2,0,0,0,1,0,8,3,11,0,0,13,0,0,0,5,0,1,12,1,0,27,0,0,0,8,0,0,0,0,1,0,1,0,4,0,1,0,8,4,0,1,0,0,18,6,6,0,1,2,1,0,1,0,5,2,0,1,0,0,1,30,124,0,2,66,0,0,1,0,0,0,0,4,10,8,1,2,1,0,1,3,2,2,2,55,412,10,11,217,130,0,167,3,0,1185,2,1,170,0,30,0,0,67,88,0,1,13,7,0,0,0,0,0,0,0,0,0,0,0,0,0,0,0,0,1,2,0,0,1,1,0,0,0,0,2,0,0,0,1,0,0,0,0,0,0,0,0,0,0,0,0,0,0,0,0,0,0,0,0,0,0,0,0,0,0,107,0,0,0,0,1,0,0,1,1,0,0,0,5,0,0,0,0,0,2,0,0,0,0,0,1,0,0,0,1,1,0,0,0,0,1,0,0,0,0,0,2,3,0,0,0,0,0,0,1,0,1,2,5,0,5,1,0,2,0,0,0,4,0,0,0,0,0,0,0,0,4,2,0,0,0,23,0,0,0,0,0,0,0,92,0,0,0,0,0,1,0,0,0,1,0,0,0,7,0,1,0,0,0,151,0,0,1,0,0,6,0,0,68,0,0,3,0,0,0,2,32,0,0,25,176,0,4,0,33,0,6,0,0,0,0,1,0,0,2,0,1,1,0,0,0,0,0,1,0,0,0,0,0,0,0,0,0,0,0,0,2,1,0,0,0,0,1,0,0,0,350,69,0,0,17,0,14,69,1,0,51,0,0,0,44,0,218,0,314,419,46,3,1,78,31,165,0,0,0,0,0,10,0,0,0,0,0,1,0,0,0,8,0,0,0,0,0,1,0,1,0,0,0,2,0,47,0,0,1,0,0,0,0,0,0,0,0,0,0,0,2,1,1,0,1,0,0,0,0,0,0,10,0,2,0,18,40,2,77,0,0,21,26,1,27,68,0,0,0,41,0,56,0,0,0,34,0,0,0,5,4,0,0,2,0,67,125,4,1,0,7,29,0,0,0,0,0,10,0,0,0,16,2,38,0,3,0,7,0,6,0,0,1,3,78,2,1,33,46,0,5,0,5,0,84,4,83,0,133
"Sample-91",0,5,0,20,0,2,0,2,0,0,0,0,1,2,8,1,1,0,0,0,1,2,3,4,0,1,1,0,2,0,0,0,2,2,113,10,2,3,0,0,0,0,0,0,0,3,2,0,0,0,0,2,0,0,0,2,0,4,0,0,0,0,0,0,0,0,0,6,1,0,0,0,0,1,0,0,0,6,1,0,0,2,0,5,3,0,0,0,0,5,0,0,0,0,0,0,0,2,0,1,0,0,0,0,1,0,0,0,0,1,0,0,0,2,1,0,0,0,0,0,0,0,1,0,14,53,0,1,2,0,0,174,0,0,31,0,1,1,0,0,0,0,1,14,0,0,302,8,0,0,0,28,0,0,0,114,0,0,0,1,2,0,61,0,177,0,1,0,3,0,0,0,0,0,0,0,0,0,0,92,0,38,0,0,1,0,0,0,1,6,0,2,265,0,175,0,0,46,0,10,0,0,0,0,0,1,0,0,0,0,0,1,0,0,9,0,0,0,51,15,0,2,8,8,92,1,3,24,0,0,17,4,0,0,988,0,0,209,0,0,55,0,1,2,0,14,65,77,0,104,10,0,0,0,4,0,0,6,0,0,2,0,48,0,0,0,0,34,0,1,0,0,0,0,0,0,7,4,0,0,0,766,1,0,6,14,8,0,0,0,0,0,0,1,0,105,59,1,0,0,0,33,0,12,0,345,0,0,0,37,0,0,35,0,0,0,0,0,0,0,32,0,0,0,0,97,8,9,16,11,0,1,0,2,14,0,0,2,5,1,0,1,0,0,2,0,0,1368,2,2,0,1,0,72,0,240,0,0,49,0,0,0,20,18,0,0,1,0,0,0,0,0,0,0,0,0,0,12,0,0,0,0,0,52,1,0,0,1,0,0,81,0,5,0,0,0,95,0,0,0,0,0,9,0,168,0,1,0,0,0,11,0,0,0,0,2,0,0,0,15,0,0,0,0,1,2,0,0,0,1,0,2,0,0,11,0,0,63,1,4,0,4,0,11,0,0,1,0,0,1,0,0,1,0,0,4,4,0,17,2,0,0,0,1,3,0,2,14,0,0,0,0,0,0,0,20,1,0,21,0,0,0,0,1,0,0,4,0,0,2,0,44,16,3,0,0,1,0,1,0,0,0,0,4,0,0,0,5,1,0,0,0,0,0,0,4,0,1,0,0,0,11,2,13,16,0,0,0,0,0,7,0,101,0,9
"Sample-92",0,0,0,0,0,0,0,0,0,0,0,0,1,0,0,2,0,0,0,0,0,0,3,0,0,0,0,0,0,1,0,0,0,0,0,1,0,0,0,0,0,0,0,0,0,1,0,0,0,0,0,0,0,0,0,2,0,0,0,1,0,0,0,0,0,0,0,0,0,1,0,0,1,1,0,0,0,6,0,0,0,0,0,0,0,0,0,0,0,0,0,0,0,0,0,0,0,0,0,0,0,0,0,0,0,1,0,0,0,0,1,0,0,0,0,0,0,0,0,0,0,0,0,0,115,2,0,0,0,0,0,5,0,0,1,0,0,0,0,0,0,0,0,0,0,0,104,0,0,0,0,0,0,12,0,7,355,0,1,0,0,3,0,1,30,0,0,0,1,5,0,0,0,1,0,0,0,0,49,12,3,0,1,9,2894,99,1,1,0,0,0,0,36,0,0,1,10,0,83,0,0,0,0,0,0,4,0,0,0,0,0,0,0,0,0,0,0,0,37,7,0,1,11,0,20,4,0,2,0,0,2,1,0,0,0,165,0,1,0,0,0,0,3,0,0,46,0,2,0,0,0,0,2,0,0,0,0,0,0,0,0,0,4,0,0,0,0,291,79,0,0,1,0,7,0,0,0,0,0,1,0,616,195,3,0,2,2,0,0,0,0,0,0,0,0,0,0,0,0,0,0,0,5,0,0,0,8,39,0,4,0,0,25,0,0,0,0,0,0,2,0,0,1,0,0,0,0,0,5,0,0,0,0,0,4,0,0,0,0,0,0,0,0,1,0,0,0,1359,3,2,1,0,0,95,0,0,0,2,5,0,0,2,0,0,1,0,2,0,0,0,0,0,0,0,0,1,1,0,1,0,10,0,9,6,0,0,9,0,5,13,81,2,353,0,1,0,0,0,0,0,0,4,6,0,0,0,3,0,35,0,0,1,0,0,0,0,43,0,0,0,0,0,0,0,0,0,0,0,0,0,0,4,141,92,0,0,1,0,0,3,0,2,6,0,0,0,0,0,0,0,0,0,0,0,0,0,0,0,0,0,0,0,0,0,0,0,4,0,0,0,0,0,0,0,0,0,0,0,0,0,0,0,0,0,0,0,2,0,0,0,0,0,0,1,0,0,0,0,0,0,0,0,0,0,0,0,0,0,7,0,0,1,0,0,0,0,0,0,0,0,10,0,0,0,0,0,0,0,0,0,0,0,2,0,0
"Sample-93",1,5,0,9,1,0,5,0,3,0,2,9,0,3,9,0,0,0,0,0,13,1,1,11,0,0,0,1,0,51,0,1,1,8,48,1,37,4,1,1,8,3,0,1,1,0,0,12,1,9,0,41,0,2,1,10,0,0,0,21,6,4,0,1,1,28,5,0,0,0,1,1,1,0,2,0,0,0,0,0,0,3,1,0,0,0,1,0,35,0,0,18,0,0,1,0,0,0,1,1,7,0,0,0,0,13,0,0,0,0,0,7,0,2,6,0,0,1,0,4,0,0,0,0,0,12,0,0,8,0,0,129,125,7,35,0,1,0,20,20,0,36,0,34,1,0,2,6,1,3,0,30,19,0,0,0,0,0,0,0,0,0,0,0,0,2,1,0,0,0,0,2,1,0,0,0,0,0,0,0,0,0,0,0,0,0,0,0,0,0,0,0,0,0,1,0,0,0,0,0,3,0,0,0,0,0,0,53,0,0,2,5,11,0,1,3,0,0,11,0,0,0,0,0,0,0,0,0,0,0,2,0,0,0,10,0,0,1,0,0,0,0,0,0,0,1,1,1,0,0,0,0,0,0,0,0,0,0,0,0,0,1,0,0,0,0,1,0,0,1,2,0,0,18,6,0,3,1,0,0,1,2966,1,0,0,0,202,17,16,6,3,0,0,0,0,0,0,0,0,0,0,0,0,0,0,0,0,8,5,34,28,9,4,0,0,0,1,7,0,0,0,0,0,0,0,15,0,0,6,0,0,0,0,0,12,1,0,13,4,1,1,3,0,0,1,0,0,0,1,0,0,0,0,0,0,0,0,0,0,0,0,170,0,0,0,0,411,105,91,0,16,0,0,3,1,4,0,28,0,38,7,0,1,0,1,2,38,73,0,0,17,2,884,0,3,10,235,1,0,0,0,1,0,0,1,4,5,0,0,1,0,0,0,0,0,0,0,0,0,0,1,0,0,0,1,0,0,0,0,0,94,0,2,0,0,0,0,1,0,0,0,0,0,1,0,0,0,0,1,0,0,3,6,1,0,0,0,0,11,0,1,0,4,5,0,6,0,5,0,0,2,7,0,0,81,52,0,21,39,1,0,22,0,0,1,0,40,1,0,0,0,2,1,3,2,1,4,0,28,0,0,0,0,2,0,1,0,60,1,3,0,0,0,0,1,0,7,0,0,0,0,0,10,1,25,1,8,0,4,0,43,18,66,0,7
"Sample-98",1,0,3,4,0,0,0,13,1,0,1,7,0,1,2,1,64,0,0,0,3,5,0,30,0,0,4,0,0,2,2,0,0,49,6,48,0,2,0,0,0,0,4,4,0,0,2,2,4,4,1,0,1,1,3,12,0,0,0,19,0,1,0,0,0,50,6,9,2,0,0,5,2,6,0,0,1,4,0,1,0,1,0,4,1,2,1,2,0,19,5,0,0,1,0,1,0,1,0,1,2,0,1,0,19,4,0,0,1,0,2,0,1,3,3,0,0,2,0,1,1,0,0,0,8,104,0,0,16,0,19,38,94,0,67,0,0,2,7,4,1,6,0,30,0,0,20,2,6,0,0,0,1,0,3,0,0,0,17,0,0,0,0,0,2,1,0,0,1,0,0,0,0,0,0,0,0,1,0,0,0,0,0,0,0,0,0,0,0,0,12,2,0,0,0,0,0,0,0,0,0,2,0,0,0,0,0,0,0,0,0,7,0,3,0,2,2,0,9,24,0,1,0,2,0,0,0,0,0,14,2,0,0,0,13,2,0,7,1,1,0,2,0,0,0,12,0,4,1,1,0,9,2,0,2,0,0,0,0,0,0,1,13,0,0,0,3,1,1,3,0,0,1,0,0,0,12,2962,0,0,0,221,0,0,0,0,0,0,0,0,1,0,7,1,3,0,2,3,1,12,18,0,0,2,0,39,5,0,9,4,0,0,117,0,0,0,14,0,2,0,45,0,0,2,6,1,0,0,0,13,49,0,1,0,1,0,0,11,0,2,0,0,0,0,0,0,0,0,0,0,0,0,0,25,0,1,1,0,1,0,0,0,0,0,0,0,1,0,0,0,0,0,2,0,0,10,88,64,0,0,1,0,1,12,66,1,139,7,0,2,157,0,0,0,0,0,702,0,0,0,0,0,4,0,9,0,8,0,0,0,0,0,1,0,0,18,0,0,0,0,0,0,0,0,0,0,0,0,0,1,14,4,0,0,0,4,1,32,0,47,0,0,0,2,0,0,1,3,1,0,1,0,0,0,2,0,0,3,2,0,1,0,0,4,0,0,0,1,5,0,3,5,0,3,0,1,0,17,56,1,0,24,2,0,0,0,4,0,0,3,0,0,2,3,0,0,0,0,0,0,1,0,0,3,1,1,0,1,0,6,0,0,0,0,0,1,8,0,0,0,1,0,4,2,5,0,11,0,1,0,7,1,22,0,15
