"","Lachnospiraceae","Lachnospiraceae.1","Lachnospiraceae.2","Lachnospiraceae.3","Lachnospiraceae.4","Lachnospiraceae.5","Clostridium_XlVa","Clostridium_XlVa.aldenense","Lachnospiraceae.6","Lachnospiraceae.7","Lachnospiraceae.8","Lachnospiraceae.9","Lachnospiraceae.10","Lachnospiraceae.11","Lachnospiraceae.12","Lachnospiraceae.13","Coprococcus","Lachnospiraceae.14","Lachnospiraceae.15","Lachnospiraceae.16","Clostridium_XlVb","Anaerostipes.hadrus","Anaerostipes","Lachnospiraceae.17","Lachnospiraceae.18","Lachnospiraceae.19","Coprococcus.catus","Howardella.ureilytica","Howardella","Lachnospiraceae.20","Lachnospiraceae.21","Lachnospiraceae.22","Lachnospiraceae.23","Dorea.longicatena","Dorea","Clostridium_XlVa.scindens","Lachnospiraceae.24","Lachnospiraceae.25","Eisenbergiella.tayi","Lachnospiraceae.26","Lachnospiraceae.27","Roseburia.hominis","Roseburia.intestinalis","Roseburia","Roseburia.faecis","Roseburia.inulinivorans","Lachnospiraceae.28","Lachnospiraceae.29","Lachnospiraceae.30","Lachnospiraceae.31","Lachnospiraceae.32","Lachnospiraceae.33","Lachnospiraceae.34","Haemophilus.parainfluenzae","Aggregatibacter.segnis","Succinivibrio","Enterobacteriaceae","Escrichia.coli.et.al.","Escherichia.Shigella","Hafnia.alvei","Pseudomonas.deceptionensis.flu.et.al.","Desulfovibrionales","Desulfovibrio","Bilophila","Bilophila.1","Bilophila.wadsworthia","Betaproteobacteria","Sutterella","Sutterella.stercoricanis","Sutterella.wadsworthensis","Sutterella.1","Sutterella.wadsworthensis.1","Parasutterella.excrementihominis","Campylobacter.hominis","Campylobacter","Campylobacter.ureolyticus","Porphyromonadaceae","Barnesiella","Barnesiella.1","Barnesiella.2","Barnesiella.3","Barnesiella.4","Coprobacter.fastidiosus","Coprobacter","Porphyromonadaceae.1","Bacteroidetes","Odoribacter.splanchnicus","Butyricimonas","Butyricimonas.1","Butyricimonas.paravirosa","Butyricimonas.faecihominis","Butyricimonas.2","Butyricimonas.3","Odoribacter.splanchnicus.1","Alistipes.massiliensis","Alistipes.finegoldii.onderdonkii","Alistipes.finegoldii","Alistipes.shahii","Alistipes.obesi","Alistipes.putredinis","Alistipes.inops","Alistipes.marseilloanorexicus","Alistipes.indistinctus","Alistipes","Bacteroidales","Porphyromonas","Porphyromonas.1","Porphyromonas.2","Porphyromonas.bennonis","Porphyromonas.3","Porphyromonas.4","Porphyromonas.5","Porphyromonas.somerae","Porphyromonas.6","Porphyromonas.7","Porphyromonas.8","Porphyromonas.uenonis","Porphyromonas.uenonis.1","Porphyromonas.asaccharolytica","Porphyromonadaceae.2","Parabacteroides","Parabacteroides.merdae","Parabacteroides.goldsteinii","Parabacteroides.distasonis","Parabacteroides.1","Parabacteroides.distasonis.1","Parabacteroides.distasonis.2","Parabacteroides.distasonis.3","Prevotella","Prevotella.1","Prevotella.2","Prevotella.copri","Prevotella.3","Prevotella.4","Prevotella.bergensis","Prevotella.bergensis.1","Prevotella.5","Prevotella.disiens","Prevotella.6","Prevotella.corporis","Prevotella.corporis.1","Prevotella.7","Prevotella.bivia","Prevotella.8","Prevotella.bivia.1","Prevotella.9","Prevotella.10","Prevotella.11","Prevotella.timonensis","Prevotella.12","Prevotella.13","Prevotella.buccalis","Prevotella.14","Prevotella.buccalis.1","Bacteroidetes.1","Prevotella.15","Paraprevotella.xylaniphila","Paraprevotella","Paraprevotella.1","Paraprevotella.2","Paraprevotella.3","Bacteroides.eggerthii","Bacteroides","Bacteroides.dorei.stercoris","Bacteroides.uniformis","Bacteroides.uniformis.1","Bacteroides.1","Bacteroides.cellulosilyticus.t.et.al.","Bacteroides.salyersiae","Bacteroides.faecichinchillae.f.et.al.","Bacteroides.dorei.fragilis","Bacteroides.finegoldii","Bacteroides.ovatus.xylanisolvens","Bacteroides.ovatus","Bacteroides.ovatus.1","Bacteroides.ovatus.2","Bacteroides.massiliensis","Bacteroides.dorei","Bacteroides.dorei.vulgatus","Bacteroides.2","Bacteroides.plebeius","Bacteroides.plebeius.1","Bacteroides.coprocola","Bacteroides.vulgatus","Bacteroides.vulgatus.1","Bacteroides.3","Bacteroides.clarus","Bacteroides.caccae","Adlercreutzia.celatus.equolifaciens","Coriobacteriaceae","Coriobacteriaceae.1","Collinsella.aerofaciens","Coriobacteriaceae.2","Atopobium.vaginae","Coriobacteriaceae.3","Atopobium.fossor.minutum","Atopobium.deltae","Olsenella","Senegalimassilia.anaerobia","Eggerthella.lenta","Coriobacteriaceae.4","Actinobacteria","Alloscardovia.omnicolens","Bifidobacterium.catenulatum.ga.et.al.","Bifidobacterium.breve.kashiwan.et.al.","Bifidobacterium.adolescentis.f.et.al.","Bifidobacterium.bifidum","Gardnerella.vaginalis","Gardnerella.vaginalis.1","Corynebacterium.imitans","Corynebacterium.pseudogenitalium","Corynebacterium.coyleae.mucifaciens","Corynebacterium.sundsvallense..et.al.","Corynebacterium.amycolatum.lactis","Actinomycetales","Corynebacterium.simulans.stria.et.al.","Corynebacterium.aurimucosum","Corynebacterium.pseudogenitali.et.al.","Arcanobacterium","Mobiluncus.curtisii","Actinomyces.neuii","Varibaculum.cambriense","Varibaculum","Actinomyces.europaeus","Actinomyces.turicensis","Actinomyces.odontolyticus","Arthrobacter.albus.cumminsii","Clostridium_sensu_stricto.cela.et.al.","Clostridium_sensu_stricto","Clostridium_sensu_stricto.1","Firmicutes","Clostridiales","Clostridiales.1","Clostridiales.2","Clostridiales.3","Peptococcus.niger","Alphaproteobacteria","Firmicutes.1","Firmicutes.2","Firmicutes.3","Firmicutes.4","Firmicutes.5","Megasphaera","Negativicoccus","Negativicoccus.succinicivorans","Dialister.micraerophilus","Dialister","Dialister.1","Dialister.propionicifaciens","Dialister.pneumosintes","Dialister.2","Dialister.invisus","Dialister.3","Allisonella.histaminiformans","Dialister.4","Veillonellaceae","Veillonella.atypica.dispar","Veillonella.dispar.parvula","Veillonella.parvula.rogosae.to.et.al.","Megasphaera.micronuciformis","Phascolarctobacterium","Phascolarctobacterium.faecium","Succiniclasticum","Acidaminococcus.intestinalis.i.et.al.","Phascolarctobacterium.1","Phascolarctobacterium.succinatutens","Gemella.asaccharolytica","Gemella.haemolysans.morbilloru.et.al.","Staphylococcus.argenteus.arlet.et.al.","Granulicatella.adiacens.para.a.et.al.","Granulicatella.elegans","Enterococcus.azikeevi.canintes.et.al.","Facklamia","Eremococcus.coleocola","Aerococcus.christensenii","Lactobacillus.iners","Lactobacillus.acidophilus.case.et.al.","Streptococcus.agalactiae.dysga.et.al.","Streptococcus","Streptococcus.australis.dentis.et.al.","Streptococcus.australis.mitis..et.al.","Streptococcus.salivarius.vesti.et.al.","Streptococcus.anginosus.miller.et.al.","Facklamia.ignava","Holdemanella","Holdemanella.biformis","Erysipelotrichaceae.bacterium","Holdemania.massiliensis","Coprobacillus.cateniformis","Clostridium_XVIII.ramosum","Clostridium_XVIII","Fusobacterium.naviforme.nucleatum","Fusobacterium.equinum","Fusobacterium","Fusobacterium.1","Fusobacterium.nucleatum.period.et.al.","Sneathia","Leptotrichiaceae","Sneathia.sanguinegens","Sneathia.sanguinegens.1","Clostridiales.4","Firmicutes.6","Murdochiella","Murdochiella.1","Clostridia","Clostridiales_Incertae_Sedis_XI","Finegoldia.magna","Finegoldia","Parvimonas.micra","Parvimonas","Clostridiales.5","Clostridiales.6","Ezakiella","Ezakiella.peruensis","Anaerococcus.provenciensis","Anaerococcus.octavius","Anaerococcus","Anaerococcus.prevotii.tetradius","Anaerococcus.1","Anaerococcus.murdochii","Anaerococcus.lactolyticus","Anaerococcus.2","Anaerococcus.3","Anaerococcus.4","Anaerococcus.vaginalis","Anaerococcus.senegalensis","Peptoniphilus.coxii","Peptoniphilus","Peptoniphilus.massiliensis","Peptoniphilus.massiliensis.1","Clostridiales.7","Peptoniphilus.duerdenii","Peptoniphilus.1","Peptoniphilus.asaccharolyticus.et.al.","Peptoniphilus.gorbachii.harei..et.al.","Peptoniphilus.lacrimalis","Peptoniphilus.2","Peptoniphilus.3","Mogibacterium","Clostridiales.8","Clostridiales.9","Clostridiales.10","Clostridiales.11","Firmicutes.7","Clostridiales.12","Clostridiales.13","Clostridiales.14","Clostridiales.15","Clostridiales.16","Clostridiales_Incertae_Sedis_XIII","Intestinibacter.bartlettii","Peptostreptococcus.anaerobius","Peptostreptococcus.stomatis","Romboutsia","Clostridiales.17","Clostridiales.18","Clostridiales.19","Clostridiales.20","Fastidiosipila","Saccharofermentans","Ruminococcaceae","Ruminococcaceae.1","Ruminococcaceae.2","Ruminococcaceae.3","Ruminococcaceae.4","Ruminococcaceae.5","Ruminococcaceae.6","Ruminococcaceae.7","Intestinimonas.butyriciproducens","Ruminococcaceae.8","Ruminococcaceae.9","Ruminococcaceae.10","Intestinimonas","Ruminococcaceae.11","Intestinimonas.1","Ruminococcaceae.12","Flavonifractor.plautii","Flavonifractor","Pseudoflavonifractor","Ruminococcaceae.13","Ruminococcus","Ruminococcus.callidus","Ruminococcus.1","Ruminococcus.2","Ruminococcus.bicirculans","Ruminococcaceae.14","Ruminococcaceae.15","Ruminococcaceae.16","Ruminococcaceae.17","Ruminococcaceae.18","Anaerotruncus.colihominis","Ruminococcaceae.19","Ruminococcaceae.20","Ruminococcaceae.21","Clostridium_IV","Clostridium_IV.1","Ruminococcaceae.22","Clostridium_IV.2","Ruminococcaceae.23","Ruminococcaceae.24","Clostridium_IV.3","Clostridium_IV.leptum","Clostridium_IV.4","Ruminococcus.bromii","Ruminococcaceae.25","Ruminococcaceae.26","Ruminococcaceae.27","Ruminococcaceae.28","Butyricicoccus","Butyricicoccus.1","Ruminococcaceae.29","Butyricicoccus.2","Faecalibacterium","Ruminococcaceae.30","Ruminococcaceae.31","Ruminococcaceae.32","Gemmiger","Gemmiger.formicilis","Gemmiger.1","Ruminococcaceae.33","Faecalibacterium.prausnitzii","Faecalibacterium.1","Faecalibacterium.prausnitzii.1","Faecalibacterium.prausnitzii.2","Faecalibacterium.2","Faecalibacterium.3","Faecalibacterium.prausnitzii.3","Faecalibacterium.4","Faecalibacterium.prausnitzii.4","Faecalibacterium.5","Faecalibacterium.prausnitzii.5","Faecalibacterium.prausnitzii.6","Clostridiales.21","Clostridiales.22","Clostridiales.23","Ruminococcaceae.34","Ruminococcaceae.35","Ruminococcaceae.36","Clostridium_IV.5","Clostridium_IV.6","Clostridiales.24","Ruminococcaceae.37","Ruminococcaceae.38","Ruminococcaceae.39","Ruminococcaceae.40","Ruminococcaceae.41","Oscillibacter","Ruminococcaceae.42","Ruminococcaceae.43","Ruminococcaceae.44","Ruminococcaceae.45","Oscillibacter.1","Oscillibacter.2","Oscillibacter.3","Oscillibacter.4","Oscillibacter.5","Oscillibacter.6","Oscillibacter.7","Oscillibacter.8","Oscillibacter.9","Ruminococcaceae.46","Ruminococcaceae.47","Ruminococcaceae.48","Ruminococcaceae.49","Ruminococcaceae.50","Ruminococcaceae.51","Ruminococcaceae.52","Ruminococcaceae.53","Clostridiales.25","Clostridiales.26","Clostridium_XlVb.lactatifermentans","Clostridium_XlVb.1","Clostridiales.27","Clostridium_XlVb.2","Clostridiales.28","Clostridium_XlVb.3","Clostridium_XlVa.1","Clostridium_XlVa.bolteae.clost.et.al.","Lachnospiraceae.35","Lachnospiraceae.36","Lachnospiraceae.37","Dorea.formicigenerans","Clostridium_XlVa.symbiosum","Coprococcus.comes","Lachnospiraceae.38","Clostridium_XlVa.2","Clostridium.glycyrrhizinilyticum","Lachnospiraceae.39","Lachnospiraceae.40","Lachnospiraceae.41","Lachnospiraceae.42","Lachnospiraceae.43","Lachnospiraceae.44","Fusicatenibacter.saccharivorans","Lachnospiraceae.45","Lachnospiraceae.46","Ruminococcus2","Blautia","Blautia.1","Blautia.faecis","Blautia.2","Blautia.3","Blautia.4","Blautia.hansenii.producta","Blautia.obeum","Blautia.obeum.1","Blautia.obeum.wexlerae","Blautia.5","Blautia.6","Lachnospiraceae.47","Lachnospiraceae.48","Ruminococcus2.1","Ruminococcus2.2","Ruminococcus2.3","Ruminococcus2.4","Blautia.7","Blautia.8","Lachnospiraceae.49","Lachnospiraceae.50","Lachnospiraceae.51","Lachnospiraceae.52","Clostridium_XlVa.3","Lachnospiraceae.53","Lachnospiraceae.54","Lachnospiraceae.55","Clostridium_XlVa.asparagiforme.et.al.","Hungatella.effluvii.hathewayi","Clostridium_XlVa.4","Lachnospiraceae.56","Lachnospiraceae.57","Lachnospiraceae.58","Lachnospiraceae.59","Lachnospiraceae.60","Lachnospiraceae.61","Lachnospiraceae.62","Lachnospiraceae.63"
"Sample-57",1,0,1,27,0,1,20,0,0,91,0,0,0,0,0,0,0,12,0,1,0,71,24,0,0,0,0,0,0,0,10,0,0,24,0,0,0,7,0,0,0,1,0,149,107,65,0,0,0,7,0,0,0,0,0,0,0,1,0,0,0,0,0,0,0,28,0,0,0,98,0,0,4,0,0,0,0,0,0,0,0,0,0,0,0,0,41,0,7,9,0,0,0,0,0,281,0,5,0,0,0,0,0,0,0,0,0,0,0,0,0,1,0,0,0,3,0,2,0,0,0,1,0,0,0,0,0,0,0,0,0,0,0,0,0,0,0,16,0,0,0,0,0,0,0,0,0,0,32,0,0,1,0,0,0,0,0,0,0,0,0,0,0,0,0,0,0,0,0,693,0,3,195,28,335,0,1,2096,4,0,0,0,0,0,0,6,0,1,1,0,0,0,0,0,0,0,1,0,0,1,0,0,0,0,14,0,0,0,0,1,0,0,0,0,0,0,0,0,0,1,0,1,0,0,0,0,0,0,0,0,0,0,0,0,0,0,0,0,0,0,0,0,0,0,2,2,0,0,5,3,0,232,0,0,0,0,0,0,0,0,0,0,0,92,0,1,0,0,0,0,2,0,2,0,0,0,0,0,2,0,0,0,15,0,0,0,24,3,3,30,0,0,0,0,2,14,0,0,0,0,0,0,2,0,0,0,12,0,0,0,1,49,4,0,0,0,0,0,0,1,0,0,0,0,3,0,1,0,0,3,0,0,0,6,1,3,0,0,0,0,0,3,0,0,0,0,0,0,0,0,0,18,0,6,0,0,0,0,0,0,7,0,0,0,5,0,0,0,0,0,1,5,0,0,0,0,28,0,0,0,0,0,0,0,0,0,2,0,0,0,0,0,0,0,0,0,0,1,0,1,0,0,8,1,1,0,0,0,0,0,0,5,0,10,2,0,0,0,0,0,0,0,0,0,0,0,299,0,0,0,1,0,0,0,0,0,0,0,8,0,0,0,0,0,0,0,0,0,0,0,0,0,0,0,9,0,0,0,0,0,0,0,0,0,0,0,0,0,8,0,0,0,0,9,0,0,0,41,10,6,0,0,0,0,1,1,0,0,0,0,0,0,0,0,0,5,54,0,0,74,0,0,0,4,0,0,166,0,53,19,3,4,0,0,0,0,0,0,0,0,33,0,0,0,118,58,2,0,0,0,0,0,1,0,261,30
"Sample-60",0,0,0,1,0,0,0,0,3,0,3,0,0,0,1,0,0,1,0,0,0,0,0,0,0,0,0,0,1,0,0,0,0,1,1,0,0,0,0,0,0,0,0,1,0,1,0,0,0,0,0,0,0,0,0,0,0,1278,0,0,0,0,0,0,0,2,2,2,1,0,0,0,0,55,0,2,2,0,12,0,0,0,2,0,2,0,21,0,8,4,0,0,0,0,0,5,0,0,1,12,0,1,3,0,0,2,0,0,0,0,45,9,1,0,0,0,0,32,0,59,0,48,0,247,1,0,0,0,0,0,0,0,0,8,5,2,0,76,0,0,33,0,2,0,1,93,60,0,155,3,0,20,0,43,0,0,0,0,0,1,0,6,0,2,4,3,0,1,0,12,157,0,6,0,6,0,6,2771,2,1,0,0,0,0,0,12,0,783,0,0,0,0,0,5,0,0,2,0,0,0,0,0,2,1,3,2,0,0,0,0,0,0,0,0,0,2,0,0,0,147,0,19,0,0,8,0,0,0,0,0,1,3,0,1,1,0,0,0,0,0,3,0,0,0,8,4,0,0,56,1,0,41,0,0,15,0,0,0,0,0,0,0,0,0,0,0,0,0,0,14,0,0,0,0,2,0,0,0,1,0,0,0,36,0,0,0,1,0,12,1,0,0,0,0,5,33,0,0,1,0,0,0,76,0,0,0,36,0,0,0,107,127,249,0,0,0,0,2,0,33,0,0,0,0,3,0,1,0,12,1,0,0,0,39,9,27,0,0,0,0,0,12,0,0,0,0,3,0,0,0,0,0,15,0,0,0,0,0,0,1,0,0,1,0,1,1,0,0,0,0,0,0,0,0,0,0,2,0,1,0,0,0,0,0,0,1,0,0,0,0,0,0,1,0,0,0,0,0,0,0,0,0,44,0,0,0,0,0,0,0,0,0,0,8,2,0,0,8,0,0,4,0,0,0,0,0,1,0,0,0,0,0,0,0,0,0,0,0,0,0,0,0,0,0,0,2,0,2,0,3,0,0,0,0,8,0,0,0,0,0,2,0,0,0,0,0,0,0,0,0,0,0,0,0,0,0,0,9,0,0,0,1,4,1,134,0,0,0,0,0,0,0,0,0,0,0,0,0,0,1,0,0,0,0,0,0,3,0,0,0,5,15,0,0,0,0,0,0,0,0,0,0,8,0,0,0,452,0,0,0,0,0,1,0,0,0
"Sample-62",1,0,0,0,0,0,0,1,5,0,13,4,4,10,0,1,0,0,0,0,0,2,0,0,2,0,8,2,1,0,0,0,0,1,0,0,0,3,0,0,0,0,0,24,0,6,0,0,0,0,0,1,1,0,0,0,0,279,0,0,0,0,0,0,16,36,0,0,0,0,0,0,10,0,0,0,0,0,0,0,0,0,2,2,0,0,17,0,3,3,0,0,0,0,0,2,0,0,8,0,0,0,0,0,0,0,0,0,0,0,1,113,0,1,0,4,0,0,567,0,0,31,0,8,0,1,0,5,0,0,0,0,0,0,0,0,0,1,0,0,0,1,313,268,696,0,0,0,303,73,1,2,0,0,0,0,0,1,0,0,0,0,0,1,156,0,2,3,0,15,1,11,34,2,4,0,29,3,642,5,0,17,0,1,0,1,8,0,0,0,0,0,0,8,0,0,0,0,0,2,0,0,0,0,1,5,1,109,0,0,0,0,0,0,16,1,0,0,0,36,3,0,0,0,16,0,0,0,0,0,0,0,0,0,0,0,0,0,0,0,0,1,0,0,0,36,0,0,33,0,0,138,0,0,0,0,0,0,0,17,0,33,0,18,0,0,0,0,0,0,0,0,0,0,0,1,1,0,0,0,0,0,22,0,0,0,0,0,5,0,0,0,0,0,0,0,2,702,2096,0,0,0,0,0,0,0,7,53,0,1,0,1,424,0,0,0,0,1,0,5,0,0,0,0,60,0,0,0,0,10,0,0,0,145,10,144,0,0,0,0,0,0,0,1,6,1,0,0,0,0,0,202,0,0,0,0,0,0,0,0,0,0,0,0,0,0,0,0,0,1,0,4,0,0,2,0,7,0,0,0,0,6,0,0,10,0,0,1,0,0,0,2,5,0,1,1,0,0,0,0,0,0,8,13,1,1,0,0,2,1,0,0,0,42,0,0,2,4,0,12,27,0,0,0,0,0,0,0,0,0,77,0,0,0,0,0,0,0,0,0,0,0,0,1,0,27,0,0,0,0,17,0,0,0,11,0,4,7,0,0,25,7,1,0,7,0,0,0,0,0,0,13,3,0,0,0,1,3,0,0,0,5,0,0,0,4,0,0,0,0,1,0,0,1,0,0,0,0,0,9,0,0,0,0,8,1,7,0,2,0,0,4,3,0,0,0,0,1,0,1,0,0,1,2,0,0,3,0,1,0,3,0,0,0,0,1
"Sample-63",2,0,3,1,1,0,2,0,0,7,1,0,0,0,0,0,0,4,0,7,2,20,21,0,0,0,0,0,3,0,0,0,0,1,0,0,0,60,0,0,0,4,1,1,0,0,0,0,0,0,0,0,0,0,0,0,0,976,0,1,0,0,0,0,0,0,0,0,0,374,0,0,0,0,0,104,0,0,0,70,0,0,0,0,0,0,18,0,0,0,0,0,0,0,4,41,0,3,1,0,0,2,0,0,0,0,0,0,0,0,1,0,0,0,2,0,0,0,1,0,0,153,0,0,0,109,30,0,0,0,0,1,3,0,0,0,0,216,0,52,171,0,205,0,268,33,0,0,68,0,0,22,2,0,1,0,0,236,35,1,39,83,39,42,143,0,1,0,0,24,1,99,52,0,0,2,0,5,637,0,0,0,0,1,0,0,0,145,0,2,0,0,0,0,0,0,0,0,0,1,1,0,0,0,0,0,0,25,47,0,0,0,0,2,11,2,2,1,0,28,0,26,0,0,28,0,0,0,0,0,0,0,0,0,0,0,0,0,0,0,0,0,0,0,0,2,0,50,53,18,32,426,0,14,0,0,8,10,0,0,0,0,0,0,0,0,10,0,3,0,0,2,0,0,12,267,0,2,0,0,0,7,990,0,0,0,0,0,0,0,0,0,0,10,0,70,0,0,0,1,0,0,10,0,0,0,40,0,0,4,0,3,1,0,0,0,0,2,0,0,0,0,0,0,22,0,4,0,0,0,0,5,0,56,2,30,0,0,0,0,0,5,0,0,0,0,0,0,0,0,0,60,0,0,0,0,0,0,0,0,4,0,3,0,0,7,7,0,1,0,0,5,0,0,0,0,6,0,3,0,0,0,0,0,0,0,2,0,0,0,0,0,0,0,2,0,0,1,2,0,3,0,3,2,671,0,0,0,2,0,0,0,0,3,0,0,0,163,0,0,37,0,0,0,0,0,0,0,0,0,0,0,0,0,0,0,0,0,0,0,0,0,0,0,0,0,0,0,1,0,0,0,0,0,28,2,0,0,0,0,2,0,0,0,0,0,0,0,0,0,29,0,0,0,0,0,0,0,0,0,0,12,7,1,0,0,3,0,0,0,2,0,0,39,0,3,1,1,0,116,0,0,0,1,117,3,307,21,50,8,5,81,12,9,1,0,0,0,0,0,10,2,7,0,1,0,2,0,0,0,0,0,18,0,22,2
"Sample-66",0,0,0,5,1,0,1,0,0,0,0,2,0,1,0,0,0,0,0,0,0,3,0,0,0,0,0,0,1,0,0,0,0,0,4,0,0,0,2,0,0,0,0,9,0,0,0,0,0,0,0,0,0,0,0,0,0,8,0,0,0,0,0,0,0,31,0,0,0,1,0,0,6,131,0,34,0,8,11,0,0,0,1,0,0,0,19,0,0,0,0,2,0,0,0,0,34,8,0,35,1,0,0,0,0,87,1,0,32,38,711,0,0,0,0,0,0,271,16,0,0,0,0,27,0,0,4,3,1,0,0,1,0,346,3,0,1,0,0,0,2,0,0,0,365,6,0,0,9,0,0,55,18,36,32,0,0,0,0,0,0,0,0,1,0,90,2,0,0,25,129,0,0,22,24,0,0,259,0,0,0,0,0,0,0,0,18,1,0,0,0,0,0,0,5,0,0,0,0,0,0,0,0,0,3,1,0,0,0,0,0,0,0,0,21,0,0,2,0,56,0,2,0,0,0,0,0,0,0,0,0,0,0,0,0,3,1,0,0,0,0,0,0,11,0,15,9,146,173,5,0,4,0,0,0,10,0,1,0,0,4,43,0,0,0,0,0,2,0,0,0,1,6,0,0,0,0,0,0,116,0,0,1,0,0,0,0,0,0,0,0,268,2,0,0,0,0,0,0,2,0,0,98,0,0,13,134,0,1,0,2,1529,1816,0,5,8,3,6,22,115,2,4,4,0,87,4,0,0,2,46,1,0,6,380,65,131,0,0,5,0,0,55,7,0,0,0,0,0,0,0,0,0,27,1,0,0,0,0,2,0,0,0,0,0,0,2,4,0,1,0,0,0,0,0,0,0,0,0,0,0,0,0,0,0,1,0,0,0,0,0,0,0,0,0,0,0,0,0,0,0,0,0,1,6,0,0,0,0,0,0,0,0,2,3,0,0,0,33,0,0,15,0,0,0,0,0,17,5,0,0,0,0,0,0,0,0,1,0,0,0,0,0,0,0,0,12,0,0,0,0,0,0,0,0,6,0,0,0,0,1,0,0,0,0,0,0,0,0,0,1,0,13,0,2,0,0,12,7,0,0,0,5,5,0,3,1,0,0,0,1,0,0,0,1,0,0,0,0,0,4,0,0,0,0,2,0,2,0,0,0,2,1,1,0,0,0,0,0,0,0,0,1,0,0,0,0,0,8,1,0,1,0,4,0,0,2
"Sample-67",0,1,1,19,0,2,67,1,3,0,0,0,0,0,4,0,0,1,1,0,0,4,0,1,1,0,27,0,1,0,1,0,0,16,0,0,1,19,14,4,0,0,0,2,4,114,0,1,1,0,0,1,0,0,1,0,0,22,0,0,0,11,0,0,0,85,0,9,0,452,0,67,11,27,0,4,0,0,0,0,0,0,0,0,6,1,20,0,0,13,14,0,0,1,0,0,0,1,4,0,0,4,4,1,4,0,0,0,0,0,1,1,0,12,4,19,50,0,0,25,0,198,0,73,0,51,0,0,0,0,23,129,0,13,0,1,1,402,50,0,193,1,781,1,258,2,0,0,46,0,0,1,0,2,0,0,0,0,0,0,0,0,0,60,0,38,0,0,0,9,185,3,0,13,0,0,174,1493,1,0,0,0,24,0,0,3,0,5,2,4,1,0,0,19,0,0,0,0,0,11,0,0,0,0,10,53,1,12,7,0,0,0,0,0,0,0,0,1,0,5,0,3,0,0,8,0,0,0,0,0,0,1,0,0,0,3,0,0,13,4,2,0,0,0,0,7,9,0,16,0,0,72,0,5,1,0,7,3,7,0,0,86,0,8,0,0,8,0,3,0,0,0,0,0,0,23,0,0,0,15,0,11,44,0,0,0,8,0,1,0,0,0,0,12,0,31,0,0,0,1,13,7,0,0,0,0,8,0,0,0,0,40,3,0,0,0,0,2,0,4,3,0,0,0,26,0,0,0,0,7,0,7,0,15,4,22,4,2,0,0,0,9,0,0,1,1,0,0,0,2,1,105,0,3,2,1,0,0,0,9,3,0,0,4,2,0,11,2,0,0,1,6,29,0,0,0,194,2,2,0,0,0,0,0,4,2,3,0,0,3,1,2,1,1,0,0,0,0,1,1,1,1,82,13,0,0,1,0,13,9,0,0,0,51,0,0,0,30,0,8,138,0,7,1,1,0,80,0,0,0,75,18,0,0,0,0,7,0,0,0,0,0,0,3,3,6,0,0,13,0,0,1,0,6,156,0,0,5,8,8,1,3,0,0,2,0,1,1,1,0,0,0,0,0,3,1,1,0,1,1,0,78,0,4,0,6,56,0,0,4,7,0,0,2,0,0,0,0,0,98,1,0,3,0,22,2,49,1,14,1,0,1128,18,0,7,0,0,0,0,1,0,0,0,2,1,3,3,0,5,3,1,0,6,4,2,7
"Sample-72",3,1,0,83,0,0,3,0,240,0,0,0,0,1,0,1,0,47,0,0,26,269,41,0,0,2,0,0,3,49,0,6,0,323,0,6,0,18,0,0,0,7,1,522,139,64,0,0,47,15,1,0,0,7,1,1,0,10,0,0,0,0,0,0,0,2,0,16,68,18,0,0,1,43,1,20,8,1,0,0,0,4,0,0,0,0,1,0,0,0,0,0,0,0,0,3,0,1,0,1,0,0,0,0,6,2,0,0,0,0,4,1,0,38,16,25,33,0,22,24,0,34,0,37,18,0,0,57,0,0,0,3,2,21,1,2,2,70,1,11,16,0,0,0,119,151,66,0,147,1,1,4,0,0,1,0,0,0,0,0,0,0,0,264,1,106,0,0,0,8,1,0,2,66,0,30,59,4,192,0,0,0,0,0,0,0,0,17,1,0,0,0,0,5,9,0,5,0,0,6,0,0,0,149,22,2,0,0,0,0,21,0,4,3,4,0,0,6,0,8,1,5,0,1,5,0,0,0,0,8,0,0,0,0,0,5,0,0,4,0,2,0,0,1,0,9,9,18,56,0,0,1,2,0,14,1,3,5,10,0,0,54,0,1,0,0,3,1,20,0,0,0,8,0,0,10,0,0,1,4,2,8,13,0,0,0,0,0,0,0,6,0,0,0,0,1,0,0,252,36,18,12,11,1,0,10,102,1,0,24,0,109,23,5,0,1,0,3,8,18,7,0,2,0,11,1,3,0,0,38,5,37,3,84,6,30,19,0,0,0,0,10,0,0,3,2,0,0,0,0,49,0,103,1,0,0,0,0,2,3,1,0,0,0,1,0,3,0,0,0,0,2,0,0,0,0,8,0,3,0,0,0,0,0,0,0,0,0,0,0,0,0,0,2,0,0,0,0,0,0,0,1,2,492,0,0,1,0,1,39,0,0,0,2,0,0,0,30,20,211,122,0,0,0,0,0,663,1,134,2,2,0,0,0,0,0,0,0,0,0,1,0,0,0,0,4,0,0,0,0,0,0,0,0,7,1,0,0,0,0,0,0,0,0,1,0,0,0,39,0,0,0,0,0,0,0,0,2,0,0,0,98,2,0,2,1,0,0,2,10,15,0,0,165,0,3,99,1,9,32,2,0,0,9,13,8,164,0,390,0,1,3,51,24,0,5,3,0,1,0,10,0,0,0,5,1,3,0,0,2,0,0,2,0,0,17
"Sample-73",2,0,5,15,0,0,0,0,9,0,0,49,0,40,19,153,7,3,3,21,0,20,1,0,0,0,6,7,0,0,0,0,0,110,1,0,1,1,0,14,0,18,10,40,74,56,0,18,0,0,0,3,0,1,0,0,0,22,0,0,0,1,21,3,0,2,0,0,10,13,0,2,4,0,0,0,1,0,0,0,0,0,1,0,0,0,11,0,1,2,4,11,0,0,0,0,11,9,2,65,0,1,0,0,0,0,0,1,0,0,0,0,0,2,0,0,0,2,0,0,0,27,0,26,0,0,0,21,1043,201,0,1640,1890,0,0,0,0,15,0,0,0,0,3,0,16,2,0,0,5,0,0,1,0,0,1,3,0,13,0,51,3,0,0,0,18,20,0,0,0,30,1,0,6,15,11,0,0,8,135,0,0,0,48,1,6,4,1,4,0,0,3,17,0,0,0,0,0,0,8,0,16,0,0,73,3,31,0,0,0,0,0,0,0,0,0,0,0,0,0,1,0,0,0,0,0,1,0,0,0,1,0,0,0,0,0,0,0,0,74,0,0,0,0,0,0,0,0,0,0,1,0,0,0,0,0,0,0,0,0,0,0,0,0,0,3,190,0,0,0,0,4,0,0,0,0,0,0,0,1,1,4,38,2,0,8,3,0,0,0,0,12,0,1,0,0,1,0,0,0,0,0,0,0,0,0,0,1,0,0,0,0,23,0,0,0,0,0,0,0,0,0,0,0,0,1,0,0,0,0,0,0,0,0,0,1,0,0,0,0,0,0,0,0,0,10,5,0,0,2,0,0,0,0,10,0,0,0,0,0,0,0,1,0,0,0,0,9,0,0,0,0,4,0,0,0,2,4,0,0,0,0,0,0,35,0,0,9,0,0,0,0,0,0,0,0,0,1,0,2,0,0,1,2,1,0,0,0,0,0,21,34,0,0,0,0,17,0,54,0,15,114,1,72,0,1,0,265,0,0,1,438,38,0,0,142,0,0,0,0,0,7,0,0,0,0,20,0,3,0,0,0,0,0,1,14,2,3,3,13,6,58,9,1,0,5,0,2,0,0,0,0,10,0,0,11,0,0,1,7,5,2,24,0,34,0,0,0,7,2,42,12,3,0,24,18,0,0,0,1,59,0,10,7,0,104,2,217,41,55,0,0,2,56,0,20,0,5,10,1,7,0,0,0,307,0,0,0,0,0,2,4,0,8,2,2,3
"Sample-75",0,0,0,0,0,1,0,0,0,0,0,0,0,0,0,0,0,0,0,0,0,0,0,0,0,0,0,0,0,0,0,0,0,0,0,0,0,0,0,0,0,0,0,1,2,0,0,0,0,0,0,0,0,59,53,0,0,511,0,0,0,0,0,0,0,0,0,0,2,5,0,0,0,0,1,3,0,0,0,0,0,0,0,0,0,0,0,0,0,1,0,0,0,0,0,2,0,0,0,0,0,0,0,0,0,0,0,0,0,0,2,1,0,0,0,0,0,0,0,0,0,16,0,1,0,0,4,5,0,0,0,0,0,1,0,0,0,7,0,0,1,0,21,0,28,0,0,1,3,0,0,3,0,0,0,0,0,0,0,0,0,0,0,1,0,1,0,0,1,1,0,0,0,0,0,0,0,2,177,0,2,0,0,0,0,1,0,31,0,0,0,3,0,0,0,1,0,0,0,0,0,0,1,0,1,0,0,0,0,0,0,0,1,0,1,1,0,8,0,0,1,0,0,0,0,8,0,0,0,0,0,0,0,0,0,0,0,0,1,0,0,0,0,3,15,7,0,0,0,0,0,0,0,0,0,0,7,1,10,4,0,0,0,0,0,0,0,368,5,169,23,2,0,0,0,0,0,0,4261,38,11,4,10,0,0,0,0,3,0,0,0,9,23,0,2,3,4,0,0,2,0,0,0,0,0,0,60,0,1389,44,0,8,4,0,0,1,0,2,1,0,0,0,0,0,1,4,0,2,0,0,0,0,0,23,19,0,0,0,0,0,0,0,1,0,0,0,0,0,0,0,0,9,265,1,0,0,0,0,0,0,0,0,0,0,0,0,0,0,0,0,0,0,0,0,0,0,2,0,0,0,0,0,0,0,0,0,0,0,0,0,0,0,0,0,0,0,0,0,1,0,0,0,109,0,0,0,0,0,0,0,1,0,0,6,0,0,0,7,4,3,4,0,0,0,0,0,3,0,0,0,2,0,0,0,0,0,0,0,0,0,0,0,0,0,0,0,0,0,0,0,0,0,0,0,0,0,0,0,0,0,0,0,0,0,0,0,0,0,0,0,0,0,0,0,0,0,0,0,0,0,0,3,0,0,0,0,0,0,0,0,3,0,0,0,2,0,1,0,0,3,0,0,1,0,2,0,1,0,2,0,0,0,0,0,0,0,0,0,0,0,0,0,0,0,0,0,0,3,0,0,0,0,0,0,0,0
"Sample-76",0,1,0,2,22,0,0,0,205,22,5,0,0,1,51,20,0,15,1,0,23,34,14,0,0,2,19,0,0,31,0,2,0,48,0,4,1,2,2,0,0,1,47,95,125,40,0,5,0,4,1,1,9,0,0,217,0,56,0,0,0,0,0,0,0,21,0,0,0,0,33,0,0,0,0,0,0,0,66,0,0,0,3,0,0,0,11,1,0,2,3,0,0,28,35,0,1,9,13,246,0,1,3,0,0,0,0,0,0,0,1,0,0,1,0,0,0,0,0,0,0,1,0,154,0,0,13,0,1,0,0,0,0,0,0,0,0,211,0,0,0,0,2,0,12,0,0,0,1,0,0,0,0,0,0,0,0,0,0,70,0,47,0,1,0,490,0,6,0,48,340,0,24,23,10,31,1,1578,0,1,0,0,0,0,0,1,0,40,7,0,0,0,0,0,0,14,0,0,0,0,0,5,0,2,65,1,0,1,0,0,0,0,1,0,0,0,0,0,1,0,1,5,0,0,0,1,0,0,0,0,0,0,0,6,0,0,0,0,33,0,0,0,0,0,0,0,0,0,8,12,1,110,0,0,0,0,2,0,1,0,0,0,0,0,0,0,0,0,0,1,1,0,0,0,0,0,0,12,0,4,3,10,0,0,0,0,1,0,0,0,1,0,0,0,0,0,0,0,0,0,0,0,0,0,0,0,35,0,2,0,0,1,0,0,0,0,0,0,0,2,0,0,0,0,45,0,10,0,0,1,0,0,0,21,0,16,0,0,0,2,0,0,0,0,6,1,3,0,0,0,3,0,0,3,0,1,4,11,0,0,4,6,9,0,0,5,0,0,0,0,0,2,0,0,18,0,45,1,0,0,0,0,30,0,164,1,5,1,1,1,2,0,0,0,0,1,5,0,2,0,0,0,22,176,0,3,2,1,7,10,1,10,3,0,1,0,0,120,0,339,155,0,0,0,0,0,455,48,0,0,51,0,0,0,26,1,0,0,0,0,0,0,0,0,0,6,0,2,0,25,0,0,0,0,12,1,7,1,6,2,0,0,0,0,2,0,1,0,0,5,9,1,3,0,0,0,7,2,2,0,1,14,0,28,1,0,5,0,4,15,6,0,2,53,9,0,66,0,0,65,3,0,0,0,44,5,381,0,95,1,1,141,20,0,48,3,2,7,0,1,1,1,0,32,15,2,1,0,0,0,0,0,32,0,3,0
"Sample-78",6,0,0,1,0,0,0,0,2,0,0,0,1,1,4,0,1,2,1,0,1,11,2,0,0,0,3,0,0,0,0,0,0,7,1,0,0,15,0,0,0,0,0,1,3,0,1,0,0,0,0,0,0,2,0,1,0,21,0,0,1,0,0,0,0,0,1,0,0,2,1,0,0,5,0,2,0,0,0,0,0,0,0,0,0,0,0,0,0,0,0,0,0,0,0,0,0,0,1,2,0,0,0,0,0,1,0,0,0,11,19,7,0,0,1,3,0,2,1,1,1,5,0,5,0,0,0,0,1,0,3,13,1,5,0,0,1,2,4,11,8,0,0,0,2,34,29,0,47,0,0,2,0,0,1,0,0,0,0,1,0,3,0,1,1,3,0,0,0,1,1,0,0,0,0,0,5,35,0,0,0,0,1,0,0,0,0,6,0,0,0,0,2,1,1,0,1,2,0,0,0,0,1,1,26,41,0,0,0,0,43,28,3,23,5,31,26,22,0,24,18,57,0,1,8,0,0,0,0,1,0,2,0,0,0,0,0,0,0,0,0,0,0,0,9,0,0,0,14,0,0,28,1,0,0,0,0,0,0,0,0,8,0,0,0,0,0,3,1,0,0,0,42,5,1,1,0,0,1,3,0,9,3,0,0,0,0,0,2,0,3,0,0,0,0,1,0,1,5,0,0,0,81,0,0,1,268,2,4,0,15,21,14,0,10,3,1,38,40,8,0,0,0,1,48,28,68,0,2,2,2,0,3,25,106,48,0,0,0,0,0,2,0,0,1,0,1,0,0,0,1,2,0,6,0,0,0,0,7,0,2,0,0,0,0,0,0,0,0,0,0,0,4,0,2,1,0,0,0,1,3,1,2,0,3,0,0,0,0,0,1,0,0,0,0,0,1,0,0,0,0,0,0,33,0,0,0,0,0,2,0,0,0,0,0,0,0,9,0,9,5,0,0,0,0,0,5,0,0,0,5,1,0,0,6,0,13,0,0,0,2,0,0,0,1,3,0,0,5,9,0,1,0,0,0,0,0,0,0,1,3,1,3,1,1,0,2,0,1,0,0,0,0,0,0,0,0,0,0,0,0,3,0,6,0,0,0,0,1,0,1,0,0,19,1,0,4,0,0,9,0,0,0,0,6,1,13,0,41,0,0,6,5,0,5,3,0,1,1,0,0,1,0,0,1,0,10,0,0,0,0,1,0,0,0,0
"Sample-81",2,1,0,3,0,0,0,0,2,5,1,1,0,1,0,18,0,11,0,0,0,3,1,0,0,0,3,0,0,0,0,0,0,8,1,0,1,0,0,0,4,0,0,9,2,5,0,0,2,0,0,0,0,0,0,0,0,46,0,0,0,0,0,0,13,0,0,0,19,35,0,2,0,392,25,45,0,0,0,0,0,0,1,0,0,1,4,0,2,0,0,0,0,0,0,4,0,4,0,12,0,1,0,0,7,70,0,106,2,95,14,2,27,33,0,44,0,0,85,0,0,10,1,9,0,0,0,0,0,5,0,20,0,0,9,6,0,193,0,225,277,1,1,0,692,2,0,0,3,0,0,46,0,2,49,0,1,0,0,0,0,0,0,3,5,0,0,0,3,6,4,0,1,6,0,0,0,0,32,0,0,0,0,4,7,1,0,7,0,0,0,7,0,0,0,2,2,0,0,0,0,0,0,2,0,9,3,0,0,16,33,82,2,20,11,0,0,0,0,52,0,1,52,13,0,0,0,0,0,0,0,0,0,0,0,0,2,0,1,0,1,0,0,4,0,0,0,1,17,0,26,231,0,0,1,18,0,0,0,0,0,5,5,29,0,0,0,38,0,0,0,0,11,0,0,0,74,2,0,1,0,3,38,40,0,0,0,0,0,0,0,0,0,0,0,201,0,0,0,0,0,0,1,60,14,38,170,0,2,0,24,500,91,27,22,1,18,15,5,11,0,36,0,30,58,0,6,5,27,61,8,234,8,209,64,66,3,5,2,1,0,85,0,1,2,1,0,1,0,0,0,29,59,0,0,0,0,2,1,0,0,0,0,1,0,0,4,0,0,0,0,0,0,0,0,0,7,1,0,0,0,0,9,0,0,0,0,0,1,0,0,0,2,0,0,0,0,0,1,0,0,0,2,21,0,0,0,0,0,0,0,2,0,41,0,2,0,12,0,8,1,0,4,7,0,0,14,0,0,0,11,0,7,0,4,0,0,0,1,0,4,0,0,0,0,6,0,0,0,0,3,0,0,0,5,0,0,0,0,0,16,9,0,0,1,1,0,0,0,0,0,3,0,0,0,0,0,0,0,1,0,9,0,7,0,2,1,0,0,2,0,1,1,1,0,0,0,0,0,3,0,2,0,0,0,1,10,0,14,0,0,5,2,0,1,2,1,1,1,0,0,0,0,2,4,0,0,0,0,0,0,0,8,0,2,1
"Sample-82",0,27,18,50,0,0,0,0,30,2,0,0,0,0,74,0,0,11,0,0,2,58,7,0,0,0,47,0,0,6,0,0,0,40,0,0,0,6,0,0,0,0,18,226,83,3,0,0,9,0,0,0,0,0,0,0,1,762,0,2,1,0,0,0,3,0,0,0,20,157,0,0,3,6,0,2,0,0,0,0,2,0,0,0,0,0,0,2,0,0,0,0,0,0,0,1,0,0,1,1,0,0,1,0,0,2,0,0,0,0,1,0,0,0,0,1,0,0,0,0,0,66,0,1,0,0,73,0,0,0,0,0,0,0,0,0,0,13,0,0,0,0,0,0,19,3,0,0,3,0,0,1,0,0,0,0,0,0,0,0,0,0,0,46,1,0,0,0,0,11,101,0,0,30,6,0,42,471,429,3,1,0,0,0,0,0,1,8,0,0,0,55,0,0,0,0,2,4,1,3,3,0,1,1140,54,156,0,0,0,0,0,1,1,0,0,0,12,2,0,1,0,0,5,0,2,0,1,2,1,0,0,0,0,0,0,0,0,0,5,0,0,0,0,0,2,0,2,0,5,1,0,0,0,3,0,0,0,0,0,0,1,0,0,0,0,0,0,0,0,0,0,0,1,3,0,0,0,2,0,2,1,2,11,0,0,10,0,0,6,0,2,0,5,0,0,1,1,0,0,0,0,0,1,0,0,0,14,0,0,7,0,8,0,0,0,0,0,2,0,3,0,0,0,0,3,0,0,0,0,1,0,0,0,6,9,4,0,0,0,0,0,1,0,0,1,0,2,0,0,0,1,1,0,3,0,3,0,0,0,0,7,0,1,0,0,5,2,0,0,0,0,1,0,0,0,0,14,0,0,0,0,0,0,1,0,0,0,0,0,0,2,0,0,0,0,0,0,0,1,0,0,0,85,1,0,0,0,0,18,3,8,4,0,22,2,0,0,58,0,19,9,0,62,0,0,1,252,5,0,0,59,24,0,0,0,0,0,0,0,2,0,0,0,0,0,3,2,1,2,0,0,0,0,0,13,0,5,1,0,1,0,0,0,0,0,0,0,0,2,1,0,2,0,0,1,0,0,6,0,0,0,74,15,34,0,0,0,5,0,5,2,0,0,276,20,0,0,0,0,27,0,0,0,0,5,2,131,0,158,0,1,7,52,58,19,0,2,5,0,1,0,0,0,0,1,1,0,73,0,2,0,2,37,0,13,7
"Sample-84",1,0,0,4,0,1,0,0,29,1,1,17,0,14,32,2,2,2,0,2,0,7,1,1,0,0,10,0,4,3,0,1,1,21,3,0,0,0,0,2,0,1,8,44,6,64,0,3,0,0,0,0,0,0,0,0,1,558,0,0,2,0,0,0,0,7,0,0,2,5,123,0,0,0,0,1,0,0,19,0,0,0,1,1,0,0,0,1,3,3,0,0,0,0,1,0,5,4,4,55,0,1,1,1,0,0,0,0,0,0,0,0,0,0,0,1,0,7,0,0,0,55,0,1,0,13,26,0,53,225,0,67,0,3,0,0,0,86,0,0,1,0,422,38,135,0,0,0,51,0,1,0,0,0,0,0,0,0,0,1,3,0,0,1,8,17,0,0,0,33,0,1,44,4,1,0,70,790,449,0,0,0,0,44,46,6,2,762,1,0,0,39,1,0,0,8,0,0,0,0,1,0,0,1,19,114,0,0,0,0,0,0,0,0,0,0,0,3,0,0,0,1,0,0,24,0,0,26,27,0,0,0,0,0,0,0,2,4,15,0,5,0,1,0,1,5,0,4,8,0,0,0,0,2,0,0,0,0,0,0,0,0,0,0,0,34,0,29,0,0,0,0,0,0,0,0,0,0,0,629,0,1,0,0,1,0,0,0,0,0,2,0,0,3,0,21,0,0,1,0,0,0,2,0,0,0,65,0,0,491,0,1,0,0,1,2,0,0,12,0,0,0,0,0,106,7,0,0,0,6,1,31,0,113,2,5,0,0,0,0,0,11,0,0,1,1,0,0,1,0,0,84,0,4,0,0,1,10,0,0,0,0,0,5,0,0,0,0,0,0,0,1,0,3,0,0,5,0,0,2,0,0,9,0,2,0,0,0,0,0,0,0,0,0,0,0,0,0,1,0,0,1,13,127,44,0,0,0,0,1,0,2,2,6,1,13,0,11,0,75,34,0,17,0,0,1,109,0,3,0,45,7,0,0,9,3,0,0,1,2,9,0,5,0,0,3,12,2,1,0,0,0,1,2,1,0,0,11,4,0,28,4,4,0,8,1,0,17,0,0,1,5,0,0,3,0,0,0,0,0,0,10,0,27,0,0,0,0,1,7,7,0,1,9,7,0,5,0,0,17,5,0,1,0,45,3,43,0,32,0,0,8,23,1,6,3,0,2,0,2,0,0,0,21,9,0,5,0,0,3,1,3,3,0,1,0
"Sample-86",6,0,0,9,0,1,0,0,1,2,3,19,23,10,22,1,233,15,2,5,0,2,1,12,0,0,19,11,0,0,0,0,0,66,11,1,10,1,1,22,1,4,0,34,35,19,0,2,0,2,0,4,5,0,0,0,0,118,0,0,0,0,0,23,0,2,0,0,0,56,0,0,20,26,0,8,0,0,0,0,0,0,0,0,0,8,13,0,2,11,5,0,0,0,0,0,0,23,13,1,1,0,0,0,3,23,0,0,0,20,23,0,26,214,1,22,15,2,9,0,0,24,1,11,0,0,3,0,484,1,26,769,0,13,0,0,0,10,0,0,114,0,0,2,31,6,0,0,11,0,0,94,57,0,47,3,0,1,0,0,0,0,0,0,0,5,0,0,0,1,0,0,2,0,1,0,0,400,25,0,1,0,2,0,0,0,0,2,2,2,1,12,0,2,0,2,0,2,4,0,2,0,0,0,1,20,0,6,4,8,8,2,0,7,7,0,1,1,0,12,0,0,0,1,0,0,7,9,12,3,1,0,0,0,0,3,0,0,6,24,2,0,8,0,0,0,0,0,8,0,1,0,2,1,4,1,0,0,0,0,0,0,1,4,42,136,0,0,0,0,15,0,0,0,0,0,0,0,0,34,0,1,1,2,2,0,0,0,2,0,0,0,16,0,0,9,0,0,3,1,0,73,7,31,4,1,69,0,0,0,0,294,83,13,0,0,0,0,0,16,1,2,3,1,10,1,0,0,6,14,1,48,3,35,18,2,0,2,0,0,11,40,0,0,15,1,2,3,5,2,1,19,0,11,0,23,7,0,1,0,0,0,2,4,0,0,0,0,0,1,0,3,0,7,0,2,7,0,10,0,0,0,1,0,0,0,4,1,0,2,1,6,0,1,0,0,0,0,4,0,0,0,0,160,35,0,0,0,0,2,0,6,0,6,1,1,7,25,0,8,49,0,21,2,0,0,48,0,0,1,215,1,71,0,37,7,0,2,0,2,2,0,6,1,0,9,123,6,154,0,7,5,0,0,4,0,1,27,5,4,157,11,1,0,38,0,3,0,0,0,0,30,0,0,4,0,0,4,1,1,0,55,0,8,0,0,0,9,1,4,2,1,0,18,0,0,0,0,1,6,0,1,2,0,15,11,105,0,52,0,0,5,44,0,21,4,1,3,0,4,0,0,0,3,0,0,0,206,0,6,4,7,8,0,2,1
"Sample-87",2,0,1,15,11,0,1,1,3,0,0,1,0,23,25,0,0,6,0,1,0,58,5,0,0,0,20,0,9,0,0,0,0,141,17,0,1,0,1,0,0,7,0,0,0,11,0,0,3,0,0,0,2,0,0,0,0,181,0,0,0,0,0,0,0,17,0,5,11,187,0,38,1,479,0,33,0,0,0,1,36,0,0,0,0,7,35,2,0,1,2,0,0,0,0,0,8,0,10,107,0,2,0,2,0,11,0,0,0,2,0,9,28,23,0,165,95,0,2,0,0,15,0,33,7,13,1,0,1,0,0,9,0,0,2,2,0,9,0,1,890,0,7,0,4,0,0,211,71,0,2,12,0,0,2,0,0,24,15,0,0,0,19,170,714,54,2,1,0,31,1,58,22,4,0,0,22,3,296,0,0,0,0,0,0,2,0,92,0,0,0,21,0,0,1,0,0,0,0,12,0,0,0,92,9,146,2,1,1,12,1,17,11,7,1,0,4,5,3,1,0,6,0,0,20,0,9,1,1,0,0,0,2,0,0,5,0,0,0,0,2,4,0,0,0,1,0,2,37,15,0,0,0,0,0,1,0,0,0,0,0,60,3,0,1,0,0,0,18,0,0,0,3,1,0,0,0,0,0,2,0,20,2,1,0,0,0,0,0,1,0,0,0,12,0,45,0,0,1,0,69,0,23,0,1,17,49,0,0,2,0,2,245,22,1,0,0,0,3,12,0,4,10,0,123,0,2,0,0,21,1,208,3,54,28,46,0,0,2,0,4,66,3,0,15,0,1,22,0,1,0,59,0,1,1,0,0,0,0,0,0,0,16,4,1,0,1,0,0,0,0,6,0,0,0,1,17,0,2,0,0,0,0,0,32,0,0,0,11,0,1,0,0,1,0,0,0,0,0,0,0,2,7,32,0,0,0,1,1,0,1,0,0,2,1,0,0,0,0,24,92,1,18,0,0,0,56,0,0,0,45,0,25,0,0,0,0,0,0,0,0,0,3,0,0,0,0,0,51,2,0,0,2,0,11,1,0,0,5,2,5,96,1,8,5,0,0,0,0,1,0,75,0,3,0,0,0,7,0,0,1,31,1,55,0,1,2,0,4,0,0,0,0,4,0,0,0,0,0,0,0,0,0,2,0,0,107,0,2,1,0,0,17,0,0,0,0,0,0,0,0,3,0,22,0,5,0,2,6,5,0,0,0,0,1,2
"Sample-89",0,0,0,0,0,0,0,0,0,0,0,41,0,56,34,0,0,68,1,27,0,21,26,0,5,0,4,0,0,2,77,0,2,84,26,0,4,25,6,2,0,8,1,650,0,117,2,0,24,0,0,4,40,0,0,0,0,23,0,2,0,0,0,0,0,4,0,0,0,0,0,0,92,0,0,0,0,0,0,0,0,68,6,0,3,0,33,6,0,0,0,0,1,0,0,32,25,0,0,2,176,4,0,0,0,1,0,0,0,0,0,0,1,0,0,1,0,0,7,0,0,151,0,1,0,0,0,0,1,0,0,2,0,0,0,0,0,1,0,1,2,0,0,0,0,0,0,0,1,0,0,0,0,0,0,0,1,0,0,0,0,78,31,165,350,69,0,0,0,51,0,1,69,14,17,0,0,218,44,0,314,419,0,0,0,3,1,46,8,0,0,0,10,0,0,0,0,0,0,1,0,0,0,47,2,0,0,0,0,0,1,0,0,1,0,0,0,0,1,0,0,0,0,0,0,0,0,0,0,0,0,1,1,2,1,0,0,0,0,0,1,1,0,0,0,0,0,0,0,0,0,0,0,0,0,0,0,0,0,0,1,107,0,0,0,0,0,0,0,0,0,0,0,0,0,0,0,1,0,1,0,2,1,0,0,0,0,2,0,0,0,0,1,0,0,0,0,0,0,0,0,0,0,0,0,0,5,0,0,1,0,1,0,0,0,0,0,0,0,2,0,0,0,0,1,0,0,0,0,1,0,0,0,0,2,3,0,0,0,5,2,0,0,1,5,1,1,2,0,0,0,4,0,0,0,0,0,0,0,0,6,6,18,0,0,1,0,0,1,1,0,4,0,0,1,0,8,4,0,0,2,1,0,0,1,1,5,2,1,0,0,0,0,0,1,1,2,3,1,2,2,2,55,412,10,0,0,0,4,10,8,0,1,13,11,0,67,30,0,88,167,130,217,0,0,170,1185,2,0,1,3,0,0,66,2,0,1,1,30,124,0,1,0,0,0,13,0,0,0,27,0,8,1,1,0,12,0,0,0,5,0,0,8,3,11,0,0,0,7,0,10,0,18,0,0,2,2,6,0,0,0,16,2,38,0,3,0,7,0,125,67,0,0,4,2,0,0,0,0,46,5,0,5,0,84,4,83,0,133,1,3,78,2,1,33,1,0,7,29,10,0,0,0,18,51,0,0,1,4,0,0,6,87,0,9,7
"Sample-91",0,2,0,20,2,1,0,0,21,0,0,20,1,0,0,0,0,0,0,0,0,14,0,0,0,1,4,0,2,1,3,0,1,4,0,1,2,1,3,0,2,2,2,113,2,10,0,0,3,0,0,0,0,0,0,0,0,766,1,4,0,0,0,0,0,7,0,14,6,8,0,0,0,168,0,9,0,0,0,32,0,0,0,0,0,0,14,0,5,1,2,0,1,0,0,8,11,16,9,97,0,0,1,2,0,105,59,0,0,1,1,0,0,0,33,345,0,0,12,0,0,37,0,35,0,0,0,0,0,0,0,1,0,0,20,18,0,1368,0,0,2,2,0,1,2,240,0,0,72,0,0,49,0,0,0,0,0,0,0,0,0,0,0,0,0,12,0,0,0,0,0,1,52,0,0,0,1,5,81,0,0,0,0,0,0,0,0,95,0,0,0,1,0,0,0,11,0,0,0,0,0,2,0,2,1,0,0,0,0,0,0,1,0,2,11,0,0,15,11,0,4,0,63,1,4,0,0,0,0,1,0,0,0,1,0,1,0,0,1,0,9,0,0,6,1,0,0,2,265,46,0,175,0,0,0,10,0,0,0,0,0,1,0,0,0,0,0,0,114,0,0,0,1,2,0,0,61,0,0,3,1,0,177,0,0,0,0,0,0,0,0,0,0,0,38,92,0,0,1,0,0,0,209,0,0,0,51,0,0,0,0,988,15,0,3,24,0,8,8,92,1,2,0,0,17,4,1,2,0,55,0,104,10,14,65,77,0,0,0,0,6,48,0,0,2,0,4,0,0,0,0,34,0,1,28,0,0,0,0,0,0,3,5,2,0,0,6,1,0,0,0,1,0,0,0,0,6,1,0,0,0,0,0,0,5,1,0,0,0,2,0,0,0,0,0,0,0,0,0,0,1,0,14,53,0,0,1,0,0,2,1,0,0,302,1,0,1,0,0,14,174,0,2,0,0,1,31,0,0,1,0,0,0,1,0,0,0,0,0,0,0,0,0,0,0,0,0,0,0,0,0,0,0,0,2,4,0,2,0,0,0,0,3,2,0,0,0,0,8,4,0,17,0,4,0,2,0,4,0,0,0,5,1,0,0,0,0,0,0,16,44,0,0,3,2,0,0,1,0,16,0,0,0,0,7,0,101,0,9,0,0,0,11,2,13,0,0,1,0,4,0,0,0,2,8,1,1,1,0,0,0,0,0,0,0,5
"Sample-92",0,0,0,0,0,0,0,0,0,0,0,0,0,0,0,0,0,0,0,0,0,0,0,0,0,0,2,0,4,0,0,0,0,0,0,0,0,0,3,1,0,0,0,0,0,1,0,0,0,0,0,0,0,0,1,0,0,616,195,0,1,0,7,0,0,0,3,2,0,2,0,0,0,0,0,6,1,0,0,0,2,0,0,0,0,0,4,0,0,0,0,0,0,0,0,0,0,5,0,0,0,0,0,0,0,0,0,0,0,0,0,0,0,0,0,0,8,0,0,5,0,4,39,25,0,0,0,0,0,0,0,2,0,1,0,0,2,1359,0,0,0,3,1,0,2,0,0,0,95,0,2,5,0,0,0,1,0,0,0,0,0,0,0,4,1,0,1,1,0,9,0,0,6,9,10,0,0,353,81,2,1,0,0,13,5,0,0,0,0,43,0,3,0,35,0,0,1,0,0,0,0,0,0,4,0,0,0,141,92,0,0,0,0,0,0,6,0,0,0,0,2,1,0,0,3,0,0,0,0,0,0,0,0,0,0,0,0,0,0,0,0,0,1,0,0,83,0,0,36,0,0,0,1,0,10,0,0,0,0,0,0,4,0,0,0,0,12,0,7,0,355,1,0,0,1,3,0,5,0,1,0,0,30,0,0,0,1,0,0,0,0,1,49,3,0,12,1,9,2894,99,2,0,1,0,0,0,37,0,0,165,0,0,7,0,0,2,0,11,0,20,4,1,0,0,2,1,3,0,0,0,0,0,0,46,0,2,0,0,0,0,0,4,0,0,0,0,0,0,0,0,0,291,79,0,0,0,0,0,0,0,0,0,0,0,0,0,0,0,1,0,1,1,0,0,0,0,6,0,0,0,0,0,0,0,0,0,0,0,0,0,0,0,0,0,0,0,0,0,0,0,0,0,115,2,0,0,0,1,0,0,0,0,0,104,0,0,0,0,0,0,5,0,0,0,0,0,1,0,0,0,0,0,1,0,0,0,0,0,0,0,0,0,0,0,0,0,0,0,1,0,0,0,0,0,2,0,0,0,0,0,0,0,1,0,0,0,0,0,0,0,0,0,0,0,0,0,0,0,0,0,0,0,7,0,0,1,0,0,0,0,0,0,0,1,0,0,0,0,0,0,0,0,0,0,0,0,2,0,0,0,0,10,0,0,0,0,0,0,0,0,0,0,0,0,0,1,0,2,0,0,0,0,0,0,0,0
"Sample-93",5,0,1,9,0,28,0,0,39,1,0,52,0,21,22,81,0,7,0,2,0,5,0,1,0,0,40,6,0,5,0,0,13,11,0,0,1,0,1,51,0,37,1,48,8,1,1,1,4,1,0,1,4,1,0,0,3,2966,1,1,0,0,18,6,0,3,0,0,0,202,16,17,6,1,0,0,0,0,7,0,0,0,0,1,0,0,12,0,4,1,13,1,3,1,0,0,0,6,0,15,0,0,0,0,0,0,0,0,0,0,0,0,0,0,0,0,0,0,0,0,5,34,8,4,0,9,28,0,105,91,0,411,0,0,0,0,170,0,0,0,1,1,0,0,0,0,0,0,0,0,0,0,0,0,0,0,0,3,1,16,0,0,0,1,0,28,0,4,38,38,2,1,0,1,7,0,73,884,17,2,3,10,0,0,0,1,0,235,0,0,0,5,0,0,1,0,0,0,4,0,0,0,0,0,0,94,0,2,0,0,0,1,0,0,1,0,1,0,0,0,0,0,1,0,0,0,0,3,1,6,0,1,0,0,0,0,2,3,5,11,1,0,0,0,0,0,0,0,0,0,0,1,0,3,0,0,0,0,0,0,2,0,0,0,0,53,0,0,0,0,0,0,0,0,0,0,0,0,0,0,1,2,0,0,2,1,0,0,0,0,0,0,0,0,0,0,0,0,0,0,0,0,1,0,0,0,11,0,0,0,0,10,0,0,0,0,0,0,0,0,0,0,0,0,2,0,0,0,0,0,0,0,0,1,1,1,0,0,0,0,0,0,0,0,0,1,0,0,0,0,1,0,0,1,30,19,3,0,0,0,0,0,0,3,1,0,0,0,0,1,1,0,0,2,0,1,0,0,0,1,35,18,0,0,0,1,0,1,0,0,1,0,0,0,0,1,0,0,4,0,0,0,0,12,0,0,0,0,0,2,6,7,0,2,0,36,0,20,0,34,129,0,8,0,1,0,35,0,7,1,125,20,13,0,0,0,0,0,7,0,8,1,3,0,1,0,4,0,21,6,1,1,0,0,10,0,0,41,2,1,28,5,0,0,12,9,1,1,6,0,0,11,0,0,1,0,0,0,0,1,0,60,1,3,0,0,0,0,1,1,2,1,0,3,0,0,7,0,0,25,8,1,4,0,43,18,66,0,7,0,0,0,0,10,1,2,1,4,0,2,0,0,0,3,9,0,0,0,0,3,0,2,9,0,1,5
"Sample-98",0,0,0,4,13,0,1,0,56,1,0,1,0,17,24,0,3,5,0,3,0,1,5,0,0,0,4,0,0,4,0,2,3,30,0,0,5,4,0,2,0,0,0,6,49,48,0,0,2,0,2,0,0,0,0,0,1,221,0,2962,0,1,0,0,0,12,0,0,0,0,0,0,0,9,0,4,0,2,0,45,0,2,0,14,0,0,1,0,0,2,11,0,0,0,6,0,13,0,0,1,49,1,0,0,0,0,2,7,3,1,3,1,12,18,0,39,5,0,2,0,9,4,0,117,0,0,0,0,0,0,0,1,0,0,0,0,0,0,0,0,0,0,0,0,0,1,0,1,25,0,0,1,0,0,0,0,2,0,0,0,0,0,0,0,88,64,0,10,0,139,1,66,12,1,1,0,7,0,157,0,0,0,0,2,0,0,0,702,0,0,0,8,0,0,0,0,0,1,0,0,0,18,0,4,1,14,0,0,0,0,0,0,0,0,2,0,0,0,0,4,0,1,32,0,47,0,0,0,0,0,2,1,3,1,1,0,0,2,7,0,0,3,0,0,0,0,12,2,0,0,0,0,0,0,0,0,0,0,0,2,0,0,0,0,0,0,0,3,0,0,0,17,0,0,0,0,0,0,0,1,0,1,2,0,0,0,0,0,0,1,0,0,0,0,0,0,0,0,0,0,2,0,7,1,1,2,9,0,0,2,0,13,24,0,0,0,0,0,2,0,0,1,14,0,2,0,0,0,2,0,0,1,0,12,0,4,1,9,0,0,0,13,0,0,0,1,2,0,0,0,3,1,1,3,0,1,0,0,0,0,2,1,4,1,0,0,9,2,0,5,2,6,1,0,0,0,4,0,1,0,0,0,0,5,19,1,1,0,0,1,0,1,1,0,0,2,0,1,1,0,0,0,8,104,0,1,0,2,1,3,3,0,0,20,0,6,0,4,1,30,38,0,16,19,0,2,67,0,0,0,94,7,4,19,0,0,0,2,2,0,0,4,0,4,1,1,1,0,19,0,0,0,0,0,12,0,1,0,1,3,50,6,0,2,2,4,4,6,2,0,3,2,0,0,1,0,0,1,1,1,0,1,0,6,0,0,0,0,0,2,0,0,0,3,3,0,8,0,0,5,11,0,1,0,7,1,22,0,15,0,0,1,0,4,2,0,0,0,0,3,0,0,0,1,2,0,64,1,0,1,0,1,7,3,1,0
